song_title,artist,spotify_url,custom_mood_tags,listener_context,archetype,seed_query,weak_label
Dragula (Dark Synthwave),StyleShift AI,https://open.spotify.com/track/3qqrzn5ilyrK0VCydap4MD,dark synth; nocturnal; detached; atmospheric; introspective,driving or walking alone at night,night-drive existentialist,dark synthwave,yes
Dark Synthwave,Dmitro Khatskevych,https://open.spotify.com/track/0a3aEOJgRDBv3BfYc3nvqg,dark synth; nocturnal; detached; atmospheric; introspective,driving or walking alone at night,night-drive existentialist,dark synthwave,yes
After Dark,Mr.Kitty,https://open.spotify.com/track/2LKOHdMsL0K9KwcPRlJK2v,dark synth; nocturnal; detached; atmospheric; introspective,driving or walking alone at night,night-drive existentialist,dark synthwave,yes
After Dark,Mr.Kitty,https://open.spotify.com/track/5FkJHVudUByVjanCqFXRql,dark synth; nocturnal; detached; atmospheric; introspective,driving or walking alone at night,night-drive existentialist,dark synthwave,yes
Power Slam,Paradelous,https://open.spotify.com/track/04mkzqZkdnEn3phQ1IqTcJ,dark synth; nocturnal; detached; atmospheric; introspective,driving or walking alone at night,night-drive existentialist,dark synthwave,yes
Riot,Dance With the Dead,https://open.spotify.com/track/5k3VFeS8Icp6OCc7qsW2ls,dark synth; nocturnal; detached; atmospheric; introspective,driving or walking alone at night,night-drive existentialist,dark synthwave,yes
Hourglass,S U R V I V E,https://open.spotify.com/track/6Gzwo0wI8Ya2FX1W4e9aco,dark synth; nocturnal; detached; atmospheric; introspective,driving or walking alone at night,night-drive existentialist,dark synthwave,yes
Power Core,Power Glove,https://open.spotify.com/track/1JcwHjETNNbUH0yfrc9w9n,dark synth; nocturnal; detached; atmospheric; introspective,driving or walking alone at night,night-drive existentialist,dark synthwave,yes
Schwarzenegger,Quixotic,https://open.spotify.com/track/1I672WKPRjoQhw3lxlmLHU,dark synth; nocturnal; detached; atmospheric; introspective,driving or walking alone at night,night-drive existentialist,dark synthwave,yes
ULTRA,Nightstop,https://open.spotify.com/track/1EwwXi2ORYbrndoaOAa2Sp,dark synth; nocturnal; detached; atmospheric; introspective,driving or walking alone at night,night-drive existentialist,dark synthwave,yes
Night Drive,Wilee,https://open.spotify.com/track/4jrXcjE0rKXu4svwQ7IYzD,dark synth; nocturnal; detached; atmospheric; introspective,driving or walking alone at night,night-drive existentialist,night drive,yes
Night Drive (Slowed + Reverb),Wilee,https://open.spotify.com/track/331H6137RMXrWPqdoinXfA,dark synth; nocturnal; detached; atmospheric; introspective,driving or walking alone at night,night-drive existentialist,night drive,yes
Nightcall,Kavinsky,https://open.spotify.com/track/0U0ldCRmgCqhVvD6ksG63j,dark synth; nocturnal; detached; atmospheric; introspective,driving or walking alone at night,night-drive existentialist,night drive,yes
Night Drive,RUBII,https://open.spotify.com/track/74fnS63JH0L2vIan7siS9X,dark synth; nocturnal; detached; atmospheric; introspective,driving or walking alone at night,night-drive existentialist,night drive,yes
night drive (200mph),arya x,https://open.spotify.com/track/7egk4i5HeWIUxdpqRXhy3V,dark synth; nocturnal; detached; atmospheric; introspective,driving or walking alone at night,night-drive existentialist,night drive,yes
Night Drive,The All-American Rejects,https://open.spotify.com/track/16wNgHgjk7anQGpx39dPpt,dark synth; nocturnal; detached; atmospheric; introspective,driving or walking alone at night,night-drive existentialist,night drive,yes
night drive,Night...,https://open.spotify.com/track/0kjKHSO0zt2EceQJdYKr1y,dark synth; nocturnal; detached; atmospheric; introspective,driving or walking alone at night,night-drive existentialist,night drive,yes
Night Drive,Brother Firetribe,https://open.spotify.com/track/1EnszoyKk67dQLK3olWlt4,dark synth; nocturnal; detached; atmospheric; introspective,driving or walking alone at night,night-drive existentialist,night drive,yes
Night Drive,Part Time,https://open.spotify.com/track/6c8pVKT7KBUzp6fYNDFqlL,dark synth; nocturnal; detached; atmospheric; introspective,driving or walking alone at night,night-drive existentialist,night drive,yes
Nattbuss,"Fricky, The Desktoppers",https://open.spotify.com/track/6Nh66ug74gdMfr6PA6DUXQ,dark synth; nocturnal; detached; atmospheric; introspective,driving or walking alone at night,night-drive existentialist,night drive,yes
worry - ultra slowed,"LONOWN, riserayss",https://open.spotify.com/track/18j6GCxt5aFKbYqdvksL7N,dark synth; nocturnal; detached; atmospheric; introspective,driving or walking alone at night,night-drive existentialist,dark electronic,yes
Darkside,"Alan Walker, Au/Ra, Tomine Harket",https://open.spotify.com/track/6SRWhUJcD2YKahCwHavz3X,dark synth; nocturnal; detached; atmospheric; introspective,driving or walking alone at night,night-drive existentialist,dark electronic,yes
Little Dark Age,MGMT,https://open.spotify.com/track/2Y0iGXY6m6immVb2ktbseM,dark synth; nocturnal; detached; atmospheric; introspective,driving or walking alone at night,night-drive existentialist,dark electronic,yes
Darkside,"Alan Walker, Au/Ra, Tomine Harket",https://open.spotify.com/track/1snWlbcbgQpJfknoI30DWG,dark synth; nocturnal; detached; atmospheric; introspective,driving or walking alone at night,night-drive existentialist,dark electronic,yes
DARKNESS (POWER),PLUS+,https://open.spotify.com/track/0lGuJREQC4uMpS0n6SRgFv,dark synth; nocturnal; detached; atmospheric; introspective,driving or walking alone at night,night-drive existentialist,dark electronic,yes
Fade Into Darkness - Vocal Radio Mix,Avicii,https://open.spotify.com/track/5kwAIpUBwhmiBpsJlcMgO1,dark synth; nocturnal; detached; atmospheric; introspective,driving or walking alone at night,night-drive existentialist,dark electronic,yes
Dark Beach,Pastel Ghost,https://open.spotify.com/track/7fqjWHXf330QwnfaAWB2Dr,dark synth; nocturnal; detached; atmospheric; introspective,driving or walking alone at night,night-drive existentialist,dark electronic,yes
Dark River - Bonus Track,Sebastian Ingrosso,https://open.spotify.com/track/1EYFgYzq3fJGDdEtVMsATh,dark synth; nocturnal; detached; atmospheric; introspective,driving or walking alone at night,night-drive existentialist,dark electronic,yes
Dark Side of the Moon,suisside,https://open.spotify.com/track/4oWZBcaBfx5wVZokxljMvU,dark synth; nocturnal; detached; atmospheric; introspective,driving or walking alone at night,night-drive existentialist,dark electronic,yes
La Dolce Vita,After Dark,https://open.spotify.com/track/1b5yFVBwIbjKI2TULxtDoC,dark synth; nocturnal; detached; atmospheric; introspective,driving or walking alone at night,night-drive existentialist,after dark,yes
After Dark - Slowed Remix,xholder,https://open.spotify.com/track/1cQ20lPxn80HPkA9qIX5pX,dark synth; nocturnal; detached; atmospheric; introspective,driving or walking alone at night,night-drive existentialist,after dark,yes
After Dark x Sweater Weather,mikeeysmind,https://open.spotify.com/track/0lISuB4J7JO7hP7Hd5QUoP,dark synth; nocturnal; detached; atmospheric; introspective,driving or walking alone at night,night-drive existentialist,after dark,yes
After Dark x Sweater Weather,mikeeysmind,https://open.spotify.com/track/3RnaEjqlmhWxj9cdNMo8lT,dark synth; nocturnal; detached; atmospheric; introspective,driving or walking alone at night,night-drive existentialist,after dark,yes
(Åh) När ni tar saken i egna händer,After Dark,https://open.spotify.com/track/4WXnFwrGkrGYzwCImeuob6,dark synth; nocturnal; detached; atmospheric; introspective,driving or walking alone at night,night-drive existentialist,after dark,yes
After Dark,Noah Rinker,https://open.spotify.com/track/4IC6lmN30FLj7hRGAo9qom,dark synth; nocturnal; detached; atmospheric; introspective,driving or walking alone at night,night-drive existentialist,after dark,yes
After Dark x Sweater Weather,mikeeysmind,https://open.spotify.com/track/05WC9MzJ6PDggbD6D8Ifzr,dark synth; nocturnal; detached; atmospheric; introspective,driving or walking alone at night,night-drive existentialist,after dark,yes
After Dark - 2015 Remaster,Tito & Tarantula,https://open.spotify.com/track/6CvoLme4xu7hBmZi79rvR2,dark synth; nocturnal; detached; atmospheric; introspective,driving or walking alone at night,night-drive existentialist,after dark,yes
A Lonely Night,The Weeknd,https://open.spotify.com/track/0ifooM33X1iBxVYyOkSbXW,dark synth; nocturnal; detached; atmospheric; introspective,driving or walking alone at night,night-drive existentialist,lonely night,yes
Lonely Night in London Town,Reuben Larkin,https://open.spotify.com/track/1Xs9EKJphBQVqZIA3UYbU4,dark synth; nocturnal; detached; atmospheric; introspective,driving or walking alone at night,night-drive existentialist,lonely night,yes
Lonely Nights,"Hollow Coves, Priscilla Ahn",https://open.spotify.com/track/1NDRPRFMVnmjqfyfokw2Kq,dark synth; nocturnal; detached; atmospheric; introspective,driving or walking alone at night,night-drive existentialist,lonely night,yes
Lonely Night,WALKMN,https://open.spotify.com/track/1VRt8lQUdJwNGlsMfaJxKU,dark synth; nocturnal; detached; atmospheric; introspective,driving or walking alone at night,night-drive existentialist,lonely night,yes
Lonely Nights,LEISURE,https://open.spotify.com/track/1SJ7eKG6Ha5opLNxlXXvwa,dark synth; nocturnal; detached; atmospheric; introspective,driving or walking alone at night,night-drive existentialist,lonely night,yes
Lonely Nights,"Dj Jfk, DJ Rosso",https://open.spotify.com/track/45waoXO79P6d10WSzDW6lb,dark synth; nocturnal; detached; atmospheric; introspective,driving or walking alone at night,night-drive existentialist,lonely night,yes
lonely nights,butterfli,https://open.spotify.com/track/02oyJrGlvHQ4sf7obYMJJk,dark synth; nocturnal; detached; atmospheric; introspective,driving or walking alone at night,night-drive existentialist,lonely night,yes
Lonely Night,Magnum,https://open.spotify.com/track/5GDvXZQ4hUTbPitYbJxb8Z,dark synth; nocturnal; detached; atmospheric; introspective,driving or walking alone at night,night-drive existentialist,lonely night,yes
LONELY NIGHT 2006,Helena,https://open.spotify.com/track/42QD99sntDWNmT0Sg2V54l,dark synth; nocturnal; detached; atmospheric; introspective,driving or walking alone at night,night-drive existentialist,lonely night,yes
Lonely Night In The Park,Bruce Springsteen,https://open.spotify.com/track/4XHstWlKuxTfhs5DRTASi6,dark synth; nocturnal; detached; atmospheric; introspective,driving or walking alone at night,night-drive existentialist,lonely night,yes
Melancholic,Lova Edman,https://open.spotify.com/track/2WhZOe4o1DiPbfA8HhtTjV,indie; bittersweet; nostalgic; intimate; reflective,remembering an old relationship or a younger version of yourself,melancholic indie nostalgia,melancholic indie,yes
Melancholic,Maanu,https://open.spotify.com/track/5mVKt7lhzXgd2ObfwTICqA,indie; bittersweet; nostalgic; intimate; reflective,remembering an old relationship or a younger version of yourself,melancholic indie nostalgia,melancholic indie,yes
Melancholic Paradise,Tokio Hotel,https://open.spotify.com/track/3YISnCr0jpI5MFgrErJid5,indie; bittersweet; nostalgic; intimate; reflective,remembering an old relationship or a younger version of yourself,melancholic indie nostalgia,melancholic indie,yes
melancholic tears,"wenszy, User116",https://open.spotify.com/track/52yS2ctfdep5pm0N8T9k7E,indie; bittersweet; nostalgic; intimate; reflective,remembering an old relationship or a younger version of yourself,melancholic indie nostalgia,melancholic indie,yes
Sceptic Heart,"Black Red Gold, Freddie Dickson",https://open.spotify.com/track/7EkzHrqXo5nWVD9SPrygre,indie; bittersweet; nostalgic; intimate; reflective,remembering an old relationship or a younger version of yourself,melancholic indie nostalgia,melancholic indie,yes
melancholic distress,avalon,https://open.spotify.com/track/2xSN6nmngUItXE5yvfK22O,indie; bittersweet; nostalgic; intimate; reflective,remembering an old relationship or a younger version of yourself,melancholic indie nostalgia,melancholic indie,yes
If I Were to Love You,Johan Örjansson,https://open.spotify.com/track/0J7ZHF9mbBylDb8GCDZeiq,indie; bittersweet; nostalgic; intimate; reflective,remembering an old relationship or a younger version of yourself,melancholic indie nostalgia,melancholic indie,yes
Honey Pie,Johan Örjansson,https://open.spotify.com/track/6zVHCX8KcOKuCMJTVvxipc,indie; bittersweet; nostalgic; intimate; reflective,remembering an old relationship or a younger version of yourself,melancholic indie nostalgia,melancholic indie,yes
Berget,Dina Ögon,https://open.spotify.com/track/7gdRvpMZATkoCadNtNDZyH,indie; bittersweet; nostalgic; intimate; reflective,remembering an old relationship or a younger version of yourself,melancholic indie nostalgia,melancholic indie,yes
The Lonely Example,GRAZER,https://open.spotify.com/track/114GqX21DVxeHHQW7gmRF3,indie; bittersweet; nostalgic; intimate; reflective,remembering an old relationship or a younger version of yourself,melancholic indie nostalgia,melancholic indie,yes
Cry,Cigarettes After Sex,https://open.spotify.com/track/7mDTvYD2ieE4Q28XFziMfJ,indie; bittersweet; nostalgic; intimate; reflective,remembering an old relationship or a younger version of yourself,melancholic indie nostalgia,sad indie,yes
i walk this earth all by myself,EKKSTACY,https://open.spotify.com/track/6oofvZ4K8vBHnCT1oKERcd,indie; bittersweet; nostalgic; intimate; reflective,remembering an old relationship or a younger version of yourself,melancholic indie nostalgia,sad indie,yes
To Build A Home,"The Cinematic Orchestra, Patrick Watson",https://open.spotify.com/track/54KFQB6N4pn926IUUYZGzK,indie; bittersweet; nostalgic; intimate; reflective,remembering an old relationship or a younger version of yourself,melancholic indie nostalgia,sad indie,yes
Stolen Dance,Milky Chance,https://open.spotify.com/track/34xGLuxM0rkxhCVyMSqwJO,indie; bittersweet; nostalgic; intimate; reflective,remembering an old relationship or a younger version of yourself,melancholic indie nostalgia,sad indie,yes
Sad Eyes - Studio Outtake - 1990,Bruce Springsteen,https://open.spotify.com/track/29b70iOlgRkYQ8ZzINZXph,indie; bittersweet; nostalgic; intimate; reflective,remembering an old relationship or a younger version of yourself,melancholic indie nostalgia,sad indie,yes
i was all over her,salvia palth,https://open.spotify.com/track/6mSnSuOhgHHohqeBw76jRV,indie; bittersweet; nostalgic; intimate; reflective,remembering an old relationship or a younger version of yourself,melancholic indie nostalgia,sad indie,yes
"Sad Song - Mauldeth Road West Demo, Nov '92",Oasis,https://open.spotify.com/track/52T65lyjsgArtoojwttcvU,indie; bittersweet; nostalgic; intimate; reflective,remembering an old relationship or a younger version of yourself,melancholic indie nostalgia,sad indie,yes
Flashed Junk Mind,Milky Chance,https://open.spotify.com/track/2D85QAziPXN1KMIW50NPpl,indie; bittersweet; nostalgic; intimate; reflective,remembering an old relationship or a younger version of yourself,melancholic indie nostalgia,sad indie,yes
Sadness As A Gift,Adrianne Lenker,https://open.spotify.com/track/1UpXhetX1s5OXTY5fRjWvu,indie; bittersweet; nostalgic; intimate; reflective,remembering an old relationship or a younger version of yourself,melancholic indie nostalgia,sad indie,yes
Wish,"Hannes, waterbaby",https://open.spotify.com/track/3Ecdt1wnmcQH7AbGMe8VA7,indie; bittersweet; nostalgic; intimate; reflective,remembering an old relationship or a younger version of yourself,melancholic indie nostalgia,sad indie,yes
Nostalgia's Lie,Sam Fender,https://open.spotify.com/track/10MJWoKUV6AthUYR323MqB,indie; bittersweet; nostalgic; intimate; reflective,remembering an old relationship or a younger version of yourself,melancholic indie nostalgia,indie nostalgia,yes
Paper Planes,M.I.A.,https://open.spotify.com/track/1ixbwbeBi5ufN4noUKmW5a,indie; bittersweet; nostalgic; intimate; reflective,remembering an old relationship or a younger version of yourself,melancholic indie nostalgia,indie nostalgia,yes
Nostalgia Burns,Siiga,https://open.spotify.com/track/2Ocom8iNVFNuhGtSGX6sv0,indie; bittersweet; nostalgic; intimate; reflective,remembering an old relationship or a younger version of yourself,melancholic indie nostalgia,indie nostalgia,yes
Nostalgia,Schur,https://open.spotify.com/track/2UQXsmNOxIRf8zNPR5exFd,indie; bittersweet; nostalgic; intimate; reflective,remembering an old relationship or a younger version of yourself,melancholic indie nostalgia,indie nostalgia,yes
Nack Nostalgia,Royel Otis,https://open.spotify.com/track/5MAKcQ6f6QvqZE21KD2AW5,indie; bittersweet; nostalgic; intimate; reflective,remembering an old relationship or a younger version of yourself,melancholic indie nostalgia,indie nostalgia,yes
Nostalgia Seed,GRAZER,https://open.spotify.com/track/55CpHDKQFVdtnRMGeFwTID,indie; bittersweet; nostalgic; intimate; reflective,remembering an old relationship or a younger version of yourself,melancholic indie nostalgia,indie nostalgia,yes
Nostalgia,Harvey Causon,https://open.spotify.com/track/4VKUv9cqALqSsjhIqscwd0,indie; bittersweet; nostalgic; intimate; reflective,remembering an old relationship or a younger version of yourself,melancholic indie nostalgia,indie nostalgia,yes
Nostalgia Burns,Siiga,https://open.spotify.com/track/6NIDJySaFTjueeke9eK0Eg,indie; bittersweet; nostalgic; intimate; reflective,remembering an old relationship or a younger version of yourself,melancholic indie nostalgia,indie nostalgia,yes
Vanilla Twilight,Owl City,https://open.spotify.com/track/0vCTQcxSGAgjHaiAsIANKn,indie; bittersweet; nostalgic; intimate; reflective,remembering an old relationship or a younger version of yourself,melancholic indie nostalgia,indie nostalgia,yes
Cardboard Crowns,Faceless Strangers,https://open.spotify.com/track/03FJ3rwf1kVVqaO2aVKQCa,indie; bittersweet; nostalgic; intimate; reflective,remembering an old relationship or a younger version of yourself,melancholic indie nostalgia,indie nostalgia,yes
SICKO MODE,Travis Scott,https://open.spotify.com/track/2xLMifQCjDGFmkHkpNLD9h,indie; bittersweet; nostalgic; intimate; reflective,remembering an old relationship or a younger version of yourself,melancholic indie nostalgia,bedroom pop sad,yes
A Drop in the Ocean,Ron Pope,https://open.spotify.com/track/5JDcQAztvZTIkrWoZihgvC,indie; bittersweet; nostalgic; intimate; reflective,remembering an old relationship or a younger version of yourself,melancholic indie nostalgia,bedroom pop sad,yes
Evergreen (You Didn’t Deserve Me At All),Omar Apollo,https://open.spotify.com/track/2TktkzfozZifbQhXjT6I33,indie; bittersweet; nostalgic; intimate; reflective,remembering an old relationship or a younger version of yourself,melancholic indie nostalgia,bedroom pop sad,yes
YKWIM?,Yot Club,https://open.spotify.com/track/2vWBUC9djv6BtiGlmKiQaH,indie; bittersweet; nostalgic; intimate; reflective,remembering an old relationship or a younger version of yourself,melancholic indie nostalgia,bedroom pop sad,yes
Bubble Gum,Clairo,https://open.spotify.com/track/3zksbXteOCeSusJ5Xltr3t,indie; bittersweet; nostalgic; intimate; reflective,remembering an old relationship or a younger version of yourself,melancholic indie nostalgia,bedroom pop sad,yes
Sad Sad Sad - Remastered,The Rolling Stones,https://open.spotify.com/track/7FADg5WNyvzaVtMhMpfW0X,indie; bittersweet; nostalgic; intimate; reflective,remembering an old relationship or a younger version of yourself,melancholic indie nostalgia,bedroom pop sad,yes
For The Love of $,Chris Travis,https://open.spotify.com/track/0Fvky39ZDwf9sCUqnrpqnU,indie; bittersweet; nostalgic; intimate; reflective,remembering an old relationship or a younger version of yourself,melancholic indie nostalgia,bedroom pop sad,yes
Love has struck my Heart,리피트,https://open.spotify.com/track/67sgNfpWS6dAZl40yJD5RG,indie; bittersweet; nostalgic; intimate; reflective,remembering an old relationship or a younger version of yourself,melancholic indie nostalgia,bedroom pop sad,yes
Stability,Camo Da Cool,https://open.spotify.com/track/5tlymW7H4n1P2IACoN7VZi,indie; bittersweet; nostalgic; intimate; reflective,remembering an old relationship or a younger version of yourself,melancholic indie nostalgia,bedroom pop sad,yes
Stability,Camo Da Cool,https://open.spotify.com/track/1RVArewufhF79tR0U9bdrJ,indie; bittersweet; nostalgic; intimate; reflective,remembering an old relationship or a younger version of yourself,melancholic indie nostalgia,bedroom pop sad,yes
Bittersweet,Dopamine,https://open.spotify.com/track/2MZCqlpAVsvCM3cJHWokjm,indie; bittersweet; nostalgic; intimate; reflective,remembering an old relationship or a younger version of yourself,melancholic indie nostalgia,bittersweet indie,yes
Bitter Sweet Symphony - Remastered 2016,The Verve,https://open.spotify.com/track/57iDDD9N9tTWe75x6qhStw,indie; bittersweet; nostalgic; intimate; reflective,remembering an old relationship or a younger version of yourself,melancholic indie nostalgia,bittersweet indie,yes
bittersweet,fenix,https://open.spotify.com/track/4zBJfimNoTSdqRNykhepfh,indie; bittersweet; nostalgic; intimate; reflective,remembering an old relationship or a younger version of yourself,melancholic indie nostalgia,bittersweet indie,yes
Bittersweet,Matilda Mann,https://open.spotify.com/track/1qwb32B32x1JruBLIA09qB,indie; bittersweet; nostalgic; intimate; reflective,remembering an old relationship or a younger version of yourself,melancholic indie nostalgia,bittersweet indie,yes
Bittersweet,Culture Wars,https://open.spotify.com/track/7cIZhtKA8T3KRVU7KGqMoz,indie; bittersweet; nostalgic; intimate; reflective,remembering an old relationship or a younger version of yourself,melancholic indie nostalgia,bittersweet indie,yes
Bittersweet,Axel Ruby,https://open.spotify.com/track/6oNZ4cYB5TEKxBeXelmLjj,indie; bittersweet; nostalgic; intimate; reflective,remembering an old relationship or a younger version of yourself,melancholic indie nostalgia,bittersweet indie,yes
Bittersweet,Culture Wars,https://open.spotify.com/track/6moUGZkEv5lSwUNfjUk180,indie; bittersweet; nostalgic; intimate; reflective,remembering an old relationship or a younger version of yourself,melancholic indie nostalgia,bittersweet indie,yes
Bittersweet (feat. LeeHi),"WONWOO, MINGYU, LEEHI",https://open.spotify.com/track/347PJwH4XqRbeaKaIW9sX3,indie; bittersweet; nostalgic; intimate; reflective,remembering an old relationship or a younger version of yourself,melancholic indie nostalgia,bittersweet indie,yes
Bittersweet,Axel Ruby,https://open.spotify.com/track/0O2nIuvnqgehLeqxeJAAgR,indie; bittersweet; nostalgic; intimate; reflective,remembering an old relationship or a younger version of yourself,melancholic indie nostalgia,bittersweet indie,yes
"Bittersweet, TN","Kevin Morby, Erin Rae",https://open.spotify.com/track/0merkJ9dgvkemPaR3urDWs,indie; bittersweet; nostalgic; intimate; reflective,remembering an old relationship or a younger version of yourself,melancholic indie nostalgia,bittersweet indie,yes
Nostalgia,Section303,https://open.spotify.com/track/6yeIdMq9nowvqdhWZoor9i,synthwave; dreamy; digital; nostalgic; glowing,old memories filtered through screens and neon light,nostalgic digital dreamer,synthwave nostalgia,yes
Nostalgia,"Ace Marino, Jinxx",https://open.spotify.com/track/04BeDTkosBN0JlCfImmSXU,synthwave; dreamy; digital; nostalgic; glowing,old memories filtered through screens and neon light,nostalgic digital dreamer,synthwave nostalgia,yes
Nostalgia,Elysium Sound,https://open.spotify.com/track/7LKkwfkb9EjiSA1ylXaAbn,synthwave; dreamy; digital; nostalgic; glowing,old memories filtered through screens and neon light,nostalgic digital dreamer,synthwave nostalgia,yes
Nostalgie,Atrey,https://open.spotify.com/track/7yO4fWo877xXUlizCP2Xn0,synthwave; dreamy; digital; nostalgic; glowing,old memories filtered through screens and neon light,nostalgic digital dreamer,synthwave nostalgia,yes
Nostalgia,Downtown Binary,https://open.spotify.com/track/2NHvZbA01EEtKkiPv9sHLv,synthwave; dreamy; digital; nostalgic; glowing,old memories filtered through screens and neon light,nostalgic digital dreamer,synthwave nostalgia,yes
Not Now,DJ EIGHTIES NOSTALGIA,https://open.spotify.com/track/2ZMJd3iYEjWv59g7qxLCIk,synthwave; dreamy; digital; nostalgic; glowing,old memories filtered through screens and neon light,nostalgic digital dreamer,synthwave nostalgia,yes
Nostalgia,"W O L F C L U B, Cadenti",https://open.spotify.com/track/0lcRaM8grtoUoHCyFKeGq4,synthwave; dreamy; digital; nostalgic; glowing,old memories filtered through screens and neon light,nostalgic digital dreamer,synthwave nostalgia,yes
Moonwalker,The Northern Lights,https://open.spotify.com/track/7qTp6XCW4h6oBC6SfL7emi,synthwave; dreamy; digital; nostalgic; glowing,old memories filtered through screens and neon light,nostalgic digital dreamer,synthwave nostalgia,yes
Teenage Wasteland,The Northern Lights,https://open.spotify.com/track/2hrI8gy6SUZql1aL3Q4S11,synthwave; dreamy; digital; nostalgic; glowing,old memories filtered through screens and neon light,nostalgic digital dreamer,synthwave nostalgia,yes
So Empty,Vioflesh,https://open.spotify.com/track/5Kas4nFHepP6LIEDTJnijb,synthwave; dreamy; digital; nostalgic; glowing,old memories filtered through screens and neon light,nostalgic digital dreamer,synthwave nostalgia,yes
Dreamy,Meladonica,https://open.spotify.com/track/75sldKDaIgIhQlqSCzXNtq,synthwave; dreamy; digital; nostalgic; glowing,old memories filtered through screens and neon light,nostalgic digital dreamer,dreamy electronic,yes
Dreamy Cinematic Slideshow,penguinmusic,https://open.spotify.com/track/1m1o6Ojc5ku5GGj4i76XOl,synthwave; dreamy; digital; nostalgic; glowing,old memories filtered through screens and neon light,nostalgic digital dreamer,dreamy electronic,yes
DREAMY!,BLL4X,https://open.spotify.com/track/4gnD6X7qDpQrcRXEGTyWh5,synthwave; dreamy; digital; nostalgic; glowing,old memories filtered through screens and neon light,nostalgic digital dreamer,dreamy electronic,yes
Dreamy Vibes,Calmly,https://open.spotify.com/track/6kLJb64QNhfKQG77wA8UZt,synthwave; dreamy; digital; nostalgic; glowing,old memories filtered through screens and neon light,nostalgic digital dreamer,dreamy electronic,yes
Dreamy Runaway,The Halfside,https://open.spotify.com/track/5IwXZKe3O1XpkHGCaW1nuj,synthwave; dreamy; digital; nostalgic; glowing,old memories filtered through screens and neon light,nostalgic digital dreamer,dreamy electronic,yes
Drömmarnas Eko,Avslappning Musik Akademi,https://open.spotify.com/track/5MG8t21Rk2xdKXdreXqjHg,synthwave; dreamy; digital; nostalgic; glowing,old memories filtered through screens and neon light,nostalgic digital dreamer,dreamy electronic,yes
WINGS - STUTTER,"STUTTER TECHNO, dreamy",https://open.spotify.com/track/5xbVB7jFHEFXGou72wrrTo,synthwave; dreamy; digital; nostalgic; glowing,old memories filtered through screens and neon light,nostalgic digital dreamer,dreamy electronic,yes
Dreamy Whispers,Calmly,https://open.spotify.com/track/3mFw10m5toMI0NN1TZGVDv,synthwave; dreamy; digital; nostalgic; glowing,old memories filtered through screens and neon light,nostalgic digital dreamer,dreamy electronic,yes
Dreamy Boy,Jordan Irwin,https://open.spotify.com/track/5kysdcP5iSRBEmLx5scBWR,synthwave; dreamy; digital; nostalgic; glowing,old memories filtered through screens and neon light,nostalgic digital dreamer,dreamy electronic,yes
Dreamy Smiles,The Dining Rooms,https://open.spotify.com/track/1mDKD8LzNTUgCQHgVCHDZ2,synthwave; dreamy; digital; nostalgic; glowing,old memories filtered through screens and neon light,nostalgic digital dreamer,dreamy electronic,yes
Vaporwave,Ketch&Aker,https://open.spotify.com/track/4rIuno1JU2URGgpNwUQ76x,synthwave; dreamy; digital; nostalgic; glowing,old memories filtered through screens and neon light,nostalgic digital dreamer,vaporwave,yes
Resonance,Home,https://open.spotify.com/track/2NHkwSwm6C6eAX3z6xm7Uy,synthwave; dreamy; digital; nostalgic; glowing,old memories filtered through screens and neon light,nostalgic digital dreamer,vaporwave,yes
Vaporwave,Retrowave Beats,https://open.spotify.com/track/4sZRDxBt9j0QTaIDfhQV8T,synthwave; dreamy; digital; nostalgic; glowing,old memories filtered through screens and neon light,nostalgic digital dreamer,vaporwave,yes
Vaporwave,Astrancer,https://open.spotify.com/track/7fqJcDG1YjJdy8VUVIyGcE,synthwave; dreamy; digital; nostalgic; glowing,old memories filtered through screens and neon light,nostalgic digital dreamer,vaporwave,yes
Vaporwave,Nightflyer,https://open.spotify.com/track/0SHf9hpQsMUPj0FLjpJfuX,synthwave; dreamy; digital; nostalgic; glowing,old memories filtered through screens and neon light,nostalgic digital dreamer,vaporwave,yes
Vaporwave,Oblique Occasions,https://open.spotify.com/track/0TUdxjQk6My1auDIEvdGV7,synthwave; dreamy; digital; nostalgic; glowing,old memories filtered through screens and neon light,nostalgic digital dreamer,vaporwave,yes
Warmpop,"ESPRIT 空想, George Clanton",https://open.spotify.com/track/0Ubp7kMZ6MWZIL8qkloYub,synthwave; dreamy; digital; nostalgic; glowing,old memories filtered through screens and neon light,nostalgic digital dreamer,vaporwave,yes
SimpsonWave1995,FrankJavCee,https://open.spotify.com/track/0qqRNnwh86N1XBV94GVgQN,synthwave; dreamy; digital; nostalgic; glowing,old memories filtered through screens and neon light,nostalgic digital dreamer,vaporwave,yes
Resonance - Slowed & Reverb,noturgf,https://open.spotify.com/track/72qSU1mTkBpwokctNf6KNv,synthwave; dreamy; digital; nostalgic; glowing,old memories filtered through screens and neon light,nostalgic digital dreamer,vaporwave,yes
A Brighter Future,Resonance Hub,https://open.spotify.com/track/76v8yYCzBkuv7efXLQTU5A,synthwave; dreamy; digital; nostalgic; glowing,old memories filtered through screens and neon light,nostalgic digital dreamer,vaporwave,yes
After Dark Retrowave PBH,PBH,https://open.spotify.com/track/0yYZW2GUUKXSpxJwSMPObJ,synthwave; dreamy; digital; nostalgic; glowing,old memories filtered through screens and neon light,nostalgic digital dreamer,retrowave,yes
Real Love,Retrowaves,https://open.spotify.com/track/75aYWQdjwPoAD21zYDFo4r,synthwave; dreamy; digital; nostalgic; glowing,old memories filtered through screens and neon light,nostalgic digital dreamer,retrowave,yes
The Perfect Girl - The Motion Retrowave Remix,"Mareux, The Motion",https://open.spotify.com/track/1UcyzhmBDfdw07DiuT7DEG,synthwave; dreamy; digital; nostalgic; glowing,old memories filtered through screens and neon light,nostalgic digital dreamer,retrowave,yes
Retrowave,Sound Gallery by Dmitry Taras,https://open.spotify.com/track/64kA6YY8AujBfYgjUgBmmG,synthwave; dreamy; digital; nostalgic; glowing,old memories filtered through screens and neon light,nostalgic digital dreamer,retrowave,yes
Retrowave,Chico,https://open.spotify.com/track/5LO5FJ40fFKH93jgNQ6jkS,synthwave; dreamy; digital; nostalgic; glowing,old memories filtered through screens and neon light,nostalgic digital dreamer,retrowave,yes
Retrowave,"Reggio, Declain",https://open.spotify.com/track/3QFxdaaJJQJKcxmbztCnu8,synthwave; dreamy; digital; nostalgic; glowing,old memories filtered through screens and neon light,nostalgic digital dreamer,retrowave,yes
Soulful Sunset,Retrowaves,https://open.spotify.com/track/328qy9jbj17ubGpJZ6Ab71,synthwave; dreamy; digital; nostalgic; glowing,old memories filtered through screens and neon light,nostalgic digital dreamer,retrowave,yes
Retrowave,80s Neon Wave,https://open.spotify.com/track/6ESWcXY7pluOhU8da4t5CL,synthwave; dreamy; digital; nostalgic; glowing,old memories filtered through screens and neon light,nostalgic digital dreamer,retrowave,yes
Happy Desire,Retrowaves,https://open.spotify.com/track/6idnfLm8eiN4FE8lhTMkpQ,synthwave; dreamy; digital; nostalgic; glowing,old memories filtered through screens and neon light,nostalgic digital dreamer,retrowave,yes
Retrowave,cYsmix,https://open.spotify.com/track/6HeLQgKnajRjMg8a2aSVXl,synthwave; dreamy; digital; nostalgic; glowing,old memories filtered through screens and neon light,nostalgic digital dreamer,retrowave,yes
Digital Nostalgia,"Lofi Hip-Hop Beats, Coffe Lofi, ChillHop Beats",https://open.spotify.com/track/6k8BW8W2WPcnphsPNtGDRL,synthwave; dreamy; digital; nostalgic; glowing,old memories filtered through screens and neon light,nostalgic digital dreamer,digital nostalgia,yes
Digital Nostalgia,"UTAN3KO, Yug3n, kraizer",https://open.spotify.com/track/6ItEaur3bURFeAa1uWCs8T,synthwave; dreamy; digital; nostalgic; glowing,old memories filtered through screens and neon light,nostalgic digital dreamer,digital nostalgia,yes
Digital Hallucination,"OR3O, Lizzie Freeman",https://open.spotify.com/track/0YYOZUS8AwuQPut4BIKiNF,synthwave; dreamy; digital; nostalgic; glowing,old memories filtered through screens and neon light,nostalgic digital dreamer,digital nostalgia,yes
Digital Nostalgia,"Coffee Shop Jazz Relax, Coffe Lofi, Base De Rap",https://open.spotify.com/track/2M9ymWxFS3S7tPpNzo6bb7,synthwave; dreamy; digital; nostalgic; glowing,old memories filtered through screens and neon light,nostalgic digital dreamer,digital nostalgia,yes
Everytime We Touch,Cascada,https://open.spotify.com/track/5YJtMNWKe55yr49cyJgxva,synthwave; dreamy; digital; nostalgic; glowing,old memories filtered through screens and neon light,nostalgic digital dreamer,digital nostalgia,yes
Nostalgia Di Milano - Digital Remaster 2004,Tony Renis,https://open.spotify.com/track/0HT9zSyPf06WrfsNVpsTaI,synthwave; dreamy; digital; nostalgic; glowing,old memories filtered through screens and neon light,nostalgic digital dreamer,digital nostalgia,yes
Everytime We Touch,Cascada,https://open.spotify.com/track/5aEqcblO0Z6JloFJXtxyhe,synthwave; dreamy; digital; nostalgic; glowing,old memories filtered through screens and neon light,nostalgic digital dreamer,digital nostalgia,yes
Everytime We Touch,Cascada,https://open.spotify.com/track/7dCi75cRLdD5NHsZajSDrz,synthwave; dreamy; digital; nostalgic; glowing,old memories filtered through screens and neon light,nostalgic digital dreamer,digital nostalgia,yes
Everytime We Touch,Cascada,https://open.spotify.com/track/4DtMLDNbMoAPb5JmrFyrTe,synthwave; dreamy; digital; nostalgic; glowing,old memories filtered through screens and neon light,nostalgic digital dreamer,digital nostalgia,yes
Everybody Wants to Rule the World (feat. Spencer Jones & Mckenna Breinholt),"Cinematic Pop, Spencer Jones, McKenna Faith",https://open.spotify.com/track/7GFqU0csJUXy6k2dkTgHYB,cinematic; dramatic; grand; emotional; self-mythologizing,turning personal conflict into a movie scene,cinematic self-mythologizer,cinematic pop,yes
Sweet Dreams (Are Made of This),"Cinematic Pop, McKenna Faith",https://open.spotify.com/track/0q7S4FMpP8Qxfgt3n2KoEk,cinematic; dramatic; grand; emotional; self-mythologizing,turning personal conflict into a movie scene,cinematic self-mythologizer,cinematic pop,yes
First Light (feat. Spencer Jones),"Cinematic Pop, Spencer Jones",https://open.spotify.com/track/6nPnqcRHSpNLthYvqj9oqp,cinematic; dramatic; grand; emotional; self-mythologizing,turning personal conflict into a movie scene,cinematic self-mythologizer,cinematic pop,yes
Listen to Your Heart (feat. Cosette Smith),"Cinematic Pop, Cosette Smith",https://open.spotify.com/track/1E3cG4xkWP4URfpkOrphW5,cinematic; dramatic; grand; emotional; self-mythologizing,turning personal conflict into a movie scene,cinematic self-mythologizer,cinematic pop,yes
Eleanor Rigby,"Cinematic Pop, Adam Payne",https://open.spotify.com/track/10ytTrS13rJ2udNfs8ttDG,cinematic; dramatic; grand; emotional; self-mythologizing,turning personal conflict into a movie scene,cinematic self-mythologizer,cinematic pop,yes
Take on Me,"Cinematic Pop, Cosette",https://open.spotify.com/track/1U45uQgz0oIhsqU0iVmD9m,cinematic; dramatic; grand; emotional; self-mythologizing,turning personal conflict into a movie scene,cinematic self-mythologizer,cinematic pop,yes
Titanium (feat. Mckenna Breinholt & Cosette Smith),"Cinematic Pop, McKenna Faith, Cosette Smith",https://open.spotify.com/track/5dB45SObXWjf6FnyjA6nBz,cinematic; dramatic; grand; emotional; self-mythologizing,turning personal conflict into a movie scene,cinematic self-mythologizer,cinematic pop,yes
Hallelujah (feat. McKenna Breinholt),"Cinematic Pop, McKenna Faith",https://open.spotify.com/track/2FK0ULI8Iof7VU0IGJePrv,cinematic; dramatic; grand; emotional; self-mythologizing,turning personal conflict into a movie scene,cinematic self-mythologizer,cinematic pop,yes
With Me,"Alexandra Armstrong, Thomas Robson",https://open.spotify.com/track/5edfNbfRO2S7tfzzDSaXp6,cinematic; dramatic; grand; emotional; self-mythologizing,turning personal conflict into a movie scene,cinematic self-mythologizer,cinematic pop,yes
Cinematic Love,Du0,https://open.spotify.com/track/6MayhBGaupn7f2M0Zo3oyj,cinematic; dramatic; grand; emotional; self-mythologizing,turning personal conflict into a movie scene,cinematic self-mythologizer,cinematic pop,yes
Dramatic Emotional,AShamaluevMusic,https://open.spotify.com/track/2m1Ay5OAI1NIT4KCw1HtzR,cinematic; dramatic; grand; emotional; self-mythologizing,turning personal conflict into a movie scene,cinematic self-mythologizer,dramatic emotional,yes
Dramatic Emotional Piano,Onoychenko,https://open.spotify.com/track/6SJDmbpE01LkW8tvhs15QH,cinematic; dramatic; grand; emotional; self-mythologizing,turning personal conflict into a movie scene,cinematic self-mythologizer,dramatic emotional,yes
Emotional Dramatic Background,DS Productions,https://open.spotify.com/track/0ui7wPTK4LxepNGJZkHGDs,cinematic; dramatic; grand; emotional; self-mythologizing,turning personal conflict into a movie scene,cinematic self-mythologizer,dramatic emotional,yes
Sad Dramatic Cinematic Emotional,Romansenykmusic,https://open.spotify.com/track/6INfD9MiIZl8nguULtMCGa,cinematic; dramatic; grand; emotional; self-mythologizing,turning personal conflict into a movie scene,cinematic self-mythologizer,dramatic emotional,yes
Epic Emotional Dramatic Voices,Carlos Estella,https://open.spotify.com/track/2l4TwvXDHVU0dUP9nAAlZC,cinematic; dramatic; grand; emotional; self-mythologizing,turning personal conflict into a movie scene,cinematic self-mythologizer,dramatic emotional,yes
Abandonment (Instrumental Piano & Orchestra) Sad Music Dramatic Emotional Love Song,Sad Piano Music Instrumental Collective Australia,https://open.spotify.com/track/2nqMoLA4yPSPPKnX0JzBRH,cinematic; dramatic; grand; emotional; self-mythologizing,turning personal conflict into a movie scene,cinematic self-mythologizer,dramatic emotional,yes
Emotional Dramatic Piano,AShamaluevMusic,https://open.spotify.com/track/3RwclGNDKrsjfqNYLpZJ65,cinematic; dramatic; grand; emotional; self-mythologizing,turning personal conflict into a movie scene,cinematic self-mythologizer,dramatic emotional,yes
Drama,Florews,https://open.spotify.com/track/6UtUTnP51mgBBYBjGG1NOv,cinematic; dramatic; grand; emotional; self-mythologizing,turning personal conflict into a movie scene,cinematic self-mythologizer,dramatic emotional,yes
A Sentimental,Florews,https://open.spotify.com/track/0xY6NUi4JcICxw5IqYxWpN,cinematic; dramatic; grand; emotional; self-mythologizing,turning personal conflict into a movie scene,cinematic self-mythologizer,dramatic emotional,yes
Up and Away (Solo) - Happy Piano Instrumental Music,Mark Andrew Hansen,https://open.spotify.com/track/79b7s3vEAcxpv4H0b4Uhei,cinematic; dramatic; grand; emotional; self-mythologizing,turning personal conflict into a movie scene,cinematic self-mythologizer,dramatic emotional,yes
Epic Sax Song,Adrenalize,https://open.spotify.com/track/1MBCOLWlw0wXeSlCgLQCK9,cinematic; dramatic; grand; emotional; self-mythologizing,turning personal conflict into a movie scene,cinematic self-mythologizer,epic sad song,yes
Epic Sax,Fallis,https://open.spotify.com/track/0qbYDqXQsRHqUt3xPiFrAc,cinematic; dramatic; grand; emotional; self-mythologizing,turning personal conflict into a movie scene,cinematic self-mythologizer,epic sad song,yes
Bad Day,Daniel Powter,https://open.spotify.com/track/0mUyMawtxj1CJ76kn9gIZK,cinematic; dramatic; grand; emotional; self-mythologizing,turning personal conflict into a movie scene,cinematic self-mythologizer,epic sad song,yes
Hey Jude - Remastered 2009,The Beatles,https://open.spotify.com/track/3m7V717IKZqZLW5qUIOxdD,cinematic; dramatic; grand; emotional; self-mythologizing,turning personal conflict into a movie scene,cinematic self-mythologizer,epic sad song,yes
Smooth Operator - Single Version,Sade,https://open.spotify.com/track/1Hv1VTm8zeOeybub15mA2R,cinematic; dramatic; grand; emotional; self-mythologizing,turning personal conflict into a movie scene,cinematic self-mythologizer,epic sad song,yes
By Your Side,Sade,https://open.spotify.com/track/7H3ojI1BsVy0dEJENqMt1k,cinematic; dramatic; grand; emotional; self-mythologizing,turning personal conflict into a movie scene,cinematic self-mythologizer,epic sad song,yes
Hold Me Back,KB,https://open.spotify.com/track/5C5FqRfbXF9oY4HSRYyqn3,cinematic; dramatic; grand; emotional; self-mythologizing,turning personal conflict into a movie scene,cinematic self-mythologizer,epic sad song,yes
Down On Me - Commentary,SOULS,https://open.spotify.com/track/7hjU9euiekrZRcHtiXq5TI,cinematic; dramatic; grand; emotional; self-mythologizing,turning personal conflict into a movie scene,cinematic self-mythologizer,epic sad song,yes
Epic Music,OFB,https://open.spotify.com/track/0ZPngYgQ8DMyM3cBfY2hfk,cinematic; dramatic; grand; emotional; self-mythologizing,turning personal conflict into a movie scene,cinematic self-mythologizer,epic sad song,yes
Bernal Heights,Duckwrth,https://open.spotify.com/track/2LdbF40p7euLqEsaxpt70i,cinematic; dramatic; grand; emotional; self-mythologizing,turning personal conflict into a movie scene,cinematic self-mythologizer,epic sad song,yes
Enola Gay - Remastered 2003,Orchestral Manoeuvres In The Dark,https://open.spotify.com/track/3NYCaxkggl0Hh8vQptSUvV,cinematic; dramatic; grand; emotional; self-mythologizing,turning personal conflict into a movie scene,cinematic self-mythologizer,orchestral pop,yes
Sailing On The Seven Seas,Orchestral Manoeuvres In The Dark,https://open.spotify.com/track/30R6QDPKZCeepPj3hSmQvp,cinematic; dramatic; grand; emotional; self-mythologizing,turning personal conflict into a movie scene,cinematic self-mythologizer,orchestral pop,yes
Enola Gay,Orchestral Manoeuvres In The Dark,https://open.spotify.com/track/7bJSbd2Upa4iYVHlbRKEJm,cinematic; dramatic; grand; emotional; self-mythologizing,turning personal conflict into a movie scene,cinematic self-mythologizer,orchestral pop,yes
Walking On The Milky Way,Orchestral Manoeuvres In The Dark,https://open.spotify.com/track/63VDd4PRMwWDoUhxxbE6ND,cinematic; dramatic; grand; emotional; self-mythologizing,turning personal conflict into a movie scene,cinematic self-mythologizer,orchestral pop,yes
If You Leave,Orchestral Manoeuvres In The Dark,https://open.spotify.com/track/05oFyvdztPdpwSwpoclD4c,cinematic; dramatic; grand; emotional; self-mythologizing,turning personal conflict into a movie scene,cinematic self-mythologizer,orchestral pop,yes
Pandora's Box,Orchestral Manoeuvres In The Dark,https://open.spotify.com/track/4NsNi4w10Tkpv6uikyXbJ6,cinematic; dramatic; grand; emotional; self-mythologizing,turning personal conflict into a movie scene,cinematic self-mythologizer,orchestral pop,yes
Orchestral Intro (feat. Sinfonia ViVA),"Gorillaz, Sinfonia ViVa",https://open.spotify.com/track/3s2f6XU5sJ6aqEe7GgDBta,cinematic; dramatic; grand; emotional; self-mythologizing,turning personal conflict into a movie scene,cinematic self-mythologizer,orchestral pop,yes
So In Love,Orchestral Manoeuvres In The Dark,https://open.spotify.com/track/1D2QnxvMOac95EG9C0KbsJ,cinematic; dramatic; grand; emotional; self-mythologizing,turning personal conflict into a movie scene,cinematic self-mythologizer,orchestral pop,yes
Secret,Orchestral Manoeuvres In The Dark,https://open.spotify.com/track/0WnVjkW8k8Zo37JAI7K8zF,cinematic; dramatic; grand; emotional; self-mythologizing,turning personal conflict into a movie scene,cinematic self-mythologizer,orchestral pop,yes
(Forever) Live And Die,Orchestral Manoeuvres In The Dark,https://open.spotify.com/track/7pFydJbDEToJHtvl6g579k,cinematic; dramatic; grand; emotional; self-mythologizing,turning personal conflict into a movie scene,cinematic self-mythologizer,orchestral pop,yes
Main Character,Chxrry,https://open.spotify.com/track/6UT5bzdmspm2noDOOxWthd,cinematic; dramatic; grand; emotional; self-mythologizing,turning personal conflict into a movie scene,cinematic self-mythologizer,main character song,yes
The Main Character,Will Wood,https://open.spotify.com/track/2NHntfUPC17b0nmilAWl87,cinematic; dramatic; grand; emotional; self-mythologizing,turning personal conflict into a movie scene,cinematic self-mythologizer,main character song,yes
Main Queen character energy,Souls to sounds,https://open.spotify.com/track/3kevGzDa3GvqlvOakQ8DXS,cinematic; dramatic; grand; emotional; self-mythologizing,turning personal conflict into a movie scene,cinematic self-mythologizer,main character song,yes
Main Character Energy,Rhy Elliot,https://open.spotify.com/track/4qJdPHdHoeZQLOfp5olvLB,cinematic; dramatic; grand; emotional; self-mythologizing,turning personal conflict into a movie scene,cinematic self-mythologizer,main character song,yes
Main Character Energy,lunaluxe,https://open.spotify.com/track/5REwyBzubMcobp2MGRuFCg,cinematic; dramatic; grand; emotional; self-mythologizing,turning personal conflict into a movie scene,cinematic self-mythologizer,main character song,yes
Main Character,Deki Alem,https://open.spotify.com/track/2EqZTLLNYOG6ZG9mSwiry7,cinematic; dramatic; grand; emotional; self-mythologizing,turning personal conflict into a movie scene,cinematic self-mythologizer,main character song,yes
Superpowers,Daniel Caesar,https://open.spotify.com/track/736PP5LTtREkDgktNmX3Gu,cinematic; dramatic; grand; emotional; self-mythologizing,turning personal conflict into a movie scene,cinematic self-mythologizer,main character song,yes
By the Way,Red Hot Chili Peppers,https://open.spotify.com/track/1f2V8U1BiWaC9aJWmpOARe,cinematic; dramatic; grand; emotional; self-mythologizing,turning personal conflict into a movie scene,cinematic self-mythologizer,main character song,yes
Half Of Me,Greczula,https://open.spotify.com/track/5cMsL1wGrHYivlEZ7SKQbV,cinematic; dramatic; grand; emotional; self-mythologizing,turning personal conflict into a movie scene,cinematic self-mythologizer,main character song,yes
Delulu,Meghan Trainor,https://open.spotify.com/track/5YerBmtnl5Awzkb0JTVH59,cinematic; dramatic; grand; emotional; self-mythologizing,turning personal conflict into a movie scene,cinematic self-mythologizer,main character song,yes
Retro Pop 80s,Frontmusic,https://open.spotify.com/track/3MwXago7HSOw9KeZj97JWh,retro; upbeat; neon; danceable; escapist,escaping into bright movement and polished nostalgia,retro neon escapist,retro pop,yes
Retro Pop,Angel & M Music,https://open.spotify.com/track/7gDSN4s4zEGaiGY1lq7LyU,retro; upbeat; neon; danceable; escapist,escaping into bright movement and polished nostalgia,retro neon escapist,retro pop,yes
Retro Pop,Citokid,https://open.spotify.com/track/1se6n2s0mc45buH0cyMu5w,retro; upbeat; neon; danceable; escapist,escaping into bright movement and polished nostalgia,retro neon escapist,retro pop,yes
Retro Pop,Evie,https://open.spotify.com/track/4Pagh9kS54CxqigE6XWzwd,retro; upbeat; neon; danceable; escapist,escaping into bright movement and polished nostalgia,retro neon escapist,retro pop,yes
Dive,Olivia Dean,https://open.spotify.com/track/36vmaZyO0iAE6FZ7287fg2,retro; upbeat; neon; danceable; escapist,escaping into bright movement and polished nostalgia,retro neon escapist,retro pop,yes
Solid Ground,Michael Kiwanuka,https://open.spotify.com/track/3aLq93pLZHx25jcFhfbEee,retro; upbeat; neon; danceable; escapist,escaping into bright movement and polished nostalgia,retro neon escapist,retro pop,yes
Skate,"Bruno Mars, Anderson .Paak, Silk Sonic",https://open.spotify.com/track/7jvCeWOSnJs2N3spqobWnO,retro; upbeat; neon; danceable; escapist,escaping into bright movement and polished nostalgia,retro neon escapist,retro pop,yes
dose,Teddy Swims,https://open.spotify.com/track/26ETsbVhx34daSYeBGmvgl,retro; upbeat; neon; danceable; escapist,escaping into bright movement and polished nostalgia,retro neon escapist,retro pop,yes
17 år,Veronica Maggio,https://open.spotify.com/track/7MzmBmyI9KkyQJaPNLdtUi,retro; upbeat; neon; danceable; escapist,escaping into bright movement and polished nostalgia,retro neon escapist,retro pop,yes
80's,Moonica Mac,https://open.spotify.com/track/2cGlzTR9gC93lc12cZ8afB,retro; upbeat; neon; danceable; escapist,escaping into bright movement and polished nostalgia,retro neon escapist,retro pop,yes
Neon,Hov1,https://open.spotify.com/track/3ohk7UW328iwdvQLz9sxCv,retro; upbeat; neon; danceable; escapist,escaping into bright movement and polished nostalgia,retro neon escapist,neon pop,yes
Neon Pop,Woo Ji Hoon,https://open.spotify.com/track/1xq09YtZFOfIaASQc9Z94d,retro; upbeat; neon; danceable; escapist,escaping into bright movement and polished nostalgia,retro neon escapist,neon pop,yes
Neon Moon,Cigarettes After Sex,https://open.spotify.com/track/5r7QVaDpYeWMcbxxrkqb6H,retro; upbeat; neon; danceable; escapist,escaping into bright movement and polished nostalgia,retro neon escapist,neon pop,yes
Neon Pop,Goma,https://open.spotify.com/track/67pht0yFDQryl4rB57RJN5,retro; upbeat; neon; danceable; escapist,escaping into bright movement and polished nostalgia,retro neon escapist,neon pop,yes
Everybody Talks,Neon Trees,https://open.spotify.com/track/2iUmqdfGZcHIhS3b9E9EWq,retro; upbeat; neon; danceable; escapist,escaping into bright movement and polished nostalgia,retro neon escapist,neon pop,yes
Neon Pop,Goma,https://open.spotify.com/track/1WcKN10Y3vbSkj2I9RRvH6,retro; upbeat; neon; danceable; escapist,escaping into bright movement and polished nostalgia,retro neon escapist,neon pop,yes
Royalty,"Egzod, Maestro Chives, Neoni",https://open.spotify.com/track/7F2HkBsshPlY2jDFbHpUvQ,retro; upbeat; neon; danceable; escapist,escaping into bright movement and polished nostalgia,retro neon escapist,neon pop,yes
Neon Lights,Demi Lovato,https://open.spotify.com/track/4PUFvMZ4KLfsItIhtHAI4P,retro; upbeat; neon; danceable; escapist,escaping into bright movement and polished nostalgia,retro neon escapist,neon pop,yes
Neon You,Northlake Shivers,https://open.spotify.com/track/4HZ2LkNrR1PJMHlBOa3J7g,retro; upbeat; neon; danceable; escapist,escaping into bright movement and polished nostalgia,retro neon escapist,neon pop,yes
Neonljusen,Sara Parkman,https://open.spotify.com/track/1u1qywAL81l7wKlINXRvzL,retro; upbeat; neon; danceable; escapist,escaping into bright movement and polished nostalgia,retro neon escapist,neon pop,yes
Pop Muzik,"M / Robin Scott, Robin Scott",https://open.spotify.com/track/6z3HAUZpAyJ0ctsbAwAiw3,retro; upbeat; neon; danceable; escapist,escaping into bright movement and polished nostalgia,retro neon escapist,dance synth pop,yes
Pop Muzik,M / Robin Scott,https://open.spotify.com/track/5OUviOx2Bbuhq5UyQDuQrd,retro; upbeat; neon; danceable; escapist,escaping into bright movement and polished nostalgia,retro neon escapist,dance synth pop,yes
The Safety Dance,Men Without Hats,https://open.spotify.com/track/5O4NFbDqJ8SOfbjnIhdPDt,retro; upbeat; neon; danceable; escapist,escaping into bright movement and polished nostalgia,retro neon escapist,dance synth pop,yes
The Safety Dance,Men Without Hats,https://open.spotify.com/track/4UB3TaEGEY9WoOpxYNMgy4,retro; upbeat; neon; danceable; escapist,escaping into bright movement and polished nostalgia,retro neon escapist,dance synth pop,yes
Pop Muzik - 12 Inch Version,"M / Robin Scott, Nick Launay",https://open.spotify.com/track/43U1bCDTZAhhY1Y8mCkTG4,retro; upbeat; neon; danceable; escapist,escaping into bright movement and polished nostalgia,retro neon escapist,dance synth pop,yes
Dance Again - Kite On Ice,Kite,https://open.spotify.com/track/53IBFuq0yX8VhvwI8XdRVY,retro; upbeat; neon; danceable; escapist,escaping into bright movement and polished nostalgia,retro neon escapist,dance synth pop,yes
Dance Hall Days (Re-Recorded),Wang Chung,https://open.spotify.com/track/41OIyMJsSFMjdjZjL4tHEx,retro; upbeat; neon; danceable; escapist,escaping into bright movement and polished nostalgia,retro neon escapist,dance synth pop,yes
Guap Man,OsamaSon,https://open.spotify.com/track/0jTRBzKB6p7xjRqQYLGKsX,retro; upbeat; neon; danceable; escapist,escaping into bright movement and polished nostalgia,retro neon escapist,dance synth pop,yes
POP IT,"21 Savage, Latto",https://open.spotify.com/track/3BBMNT5kxTsYxe1r0DukIb,retro; upbeat; neon; danceable; escapist,escaping into bright movement and polished nostalgia,retro neon escapist,dance synth pop,yes
80s Pop,Frontmusic,https://open.spotify.com/track/51e61z1QAfpP9lkoDLqv6M,retro; upbeat; neon; danceable; escapist,escaping into bright movement and polished nostalgia,retro neon escapist,80s pop,yes
80s Pop,Frontmusic,https://open.spotify.com/track/1j46nJ3PAzm051I2EfOCg3,retro; upbeat; neon; danceable; escapist,escaping into bright movement and polished nostalgia,retro neon escapist,80s pop,yes
80s Pop,Frontmusic,https://open.spotify.com/track/0F5M2wSXeG5N17zIoSaw1k,retro; upbeat; neon; danceable; escapist,escaping into bright movement and polished nostalgia,retro neon escapist,80s pop,yes
800°,Ebba Grön,https://open.spotify.com/track/3zgJHNEorjbLLThp6TiMhz,retro; upbeat; neon; danceable; escapist,escaping into bright movement and polished nostalgia,retro neon escapist,80s pop,yes
Higher Love - Single Version,Steve Winwood,https://open.spotify.com/track/17Ng10tIgnYmAitl0SgT3R,retro; upbeat; neon; danceable; escapist,escaping into bright movement and polished nostalgia,retro neon escapist,80s pop,yes
Love Changes (Everything),Climie Fisher,https://open.spotify.com/track/1y748kOQshZECWk5MddfOv,retro; upbeat; neon; danceable; escapist,escaping into bright movement and polished nostalgia,retro neon escapist,80s pop,yes
Smalltown Boy,Bronski Beat,https://open.spotify.com/track/5vmRQ3zELMLUQPo2FLQ76x,retro; upbeat; neon; danceable; escapist,escaping into bright movement and polished nostalgia,retro neon escapist,80s pop,yes
Self Control,Laura Branigan,https://open.spotify.com/track/6JNJERZGJwDVgkmbohBw7u,retro; upbeat; neon; danceable; escapist,escaping into bright movement and polished nostalgia,retro neon escapist,80s pop,yes
Everywhere - 2017 Remaster,Fleetwood Mac,https://open.spotify.com/track/254bXAqt3zP6P50BdQvEsq,retro; upbeat; neon; danceable; escapist,escaping into bright movement and polished nostalgia,retro neon escapist,80s pop,yes
Upbeat Synthwave,synthwave man,https://open.spotify.com/track/2e3INRwUPAI9VFEnQd7yiM,retro; upbeat; neon; danceable; escapist,escaping into bright movement and polished nostalgia,retro neon escapist,upbeat synth,yes
Upbeat - New Wave Pop Beat Mix,Aries Beats,https://open.spotify.com/track/0YVc6r1wBheLsUyVFznkAI,retro; upbeat; neon; danceable; escapist,escaping into bright movement and polished nostalgia,retro neon escapist,upbeat synth,yes
Upbeat Classic - Retrowave Outrun,Synthwave Nation,https://open.spotify.com/track/0mVhQAZtdNmfhQapqakw6I,retro; upbeat; neon; danceable; escapist,escaping into bright movement and polished nostalgia,retro neon escapist,upbeat synth,yes
Upbeat 2 - 80s Retro Wave Synth Pop Mix,Aries Beats,https://open.spotify.com/track/2yuwnHjUnX0QKqq4HhmZxI,retro; upbeat; neon; danceable; escapist,escaping into bright movement and polished nostalgia,retro neon escapist,upbeat synth,yes
Take On Me (Video Version),a-ha,https://open.spotify.com/track/0Up0cy9uLX7ag9ZgEKHrU9,retro; upbeat; neon; danceable; escapist,escaping into bright movement and polished nostalgia,retro neon escapist,upbeat synth,yes
Attention - Lash Remix,"Charlie Puth, Lash",https://open.spotify.com/track/2uYPUZTq1uobCTgk8SqVba,retro; upbeat; neon; danceable; escapist,escaping into bright movement and polished nostalgia,retro neon escapist,upbeat synth,yes
Love Again - Clean Bandit Remix,"Rae Morris, Spike Stent",https://open.spotify.com/track/649OER2fD5gRDLrBotiR7U,retro; upbeat; neon; danceable; escapist,escaping into bright movement and polished nostalgia,retro neon escapist,upbeat synth,yes
Photograph - Felix Jaehn Remix,"Ed Sheeran, Felix Jaehn",https://open.spotify.com/track/3uF6gFig8oDkHvpHNygL7u,retro; upbeat; neon; danceable; escapist,escaping into bright movement and polished nostalgia,retro neon escapist,upbeat synth,yes
kōyūei,yesmcx,https://open.spotify.com/track/6YJFRvMV9n1q0d1IvAeViI,retro; upbeat; neon; danceable; escapist,escaping into bright movement and polished nostalgia,retro neon escapist,upbeat synth,yes
U-Phoria,SUM SUN,https://open.spotify.com/track/7KkU4xF6ImhQoOkS6p72Np,retro; upbeat; neon; danceable; escapist,escaping into bright movement and polished nostalgia,retro neon escapist,upbeat synth,yes
Soft Romantic Piano,Vivid Mood Frames,https://open.spotify.com/track/6cnb777w32IvULxKCbg80c,warm; romantic; gentle; understated; emotionally observant,quietly feeling something without saying it too loudly,beautifully detached romantic,soft romantic,yes
Always Remember Us This Way,Lady Gaga,https://open.spotify.com/track/2rbDhOo9Fh61Bbu23T2qCk,warm; romantic; gentle; understated; emotionally observant,quietly feeling something without saying it too loudly,beautifully detached romantic,soft romantic,yes
Love Hurts - Single Edit,Nazareth,https://open.spotify.com/track/6MXUZ4VRQ41qTPWKgvHMCK,warm; romantic; gentle; understated; emotionally observant,quietly feeling something without saying it too loudly,beautifully detached romantic,soft romantic,yes
With Or Without You - Remastered 2007,U2,https://open.spotify.com/track/5JGEAz15LkPoOtFHttDtVs,warm; romantic; gentle; understated; emotionally observant,quietly feeling something without saying it too loudly,beautifully detached romantic,soft romantic,yes
If You Don't Know Me by Now - 2008 Remaster,Simply Red,https://open.spotify.com/track/7DFawVSjI88xR9mjnWwURg,warm; romantic; gentle; understated; emotionally observant,quietly feeling something without saying it too loudly,beautifully detached romantic,soft romantic,yes
In A Good Way,Faye Webster,https://open.spotify.com/track/2VYnlKxB8jpbCeLUjQsebc,warm; romantic; gentle; understated; emotionally observant,quietly feeling something without saying it too loudly,beautifully detached romantic,soft romantic,yes
A Whiter Shade of Pale,Annie Lennox,https://open.spotify.com/track/11Mkoen07pKwyDqHiFnVU9,warm; romantic; gentle; understated; emotionally observant,quietly feeling something without saying it too loudly,beautifully detached romantic,soft romantic,yes
Walls - Naked Edition,Ruben,https://open.spotify.com/track/7M0G5wRuoISYiCDytDxEFz,warm; romantic; gentle; understated; emotionally observant,quietly feeling something without saying it too loudly,beautifully detached romantic,soft romantic,yes
Colder Weather,Zac Brown Band,https://open.spotify.com/track/3U8dHeggJ8IBe0UCb1gbyB,warm; romantic; gentle; understated; emotionally observant,quietly feeling something without saying it too loudly,beautifully detached romantic,soft romantic,yes
A Love So Beautiful,Michael Bolton,https://open.spotify.com/track/25Tv2fijQx21CR70wDGwia,warm; romantic; gentle; understated; emotionally observant,quietly feeling something without saying it too loudly,beautifully detached romantic,soft romantic,yes
Dreams,The Cranberries,https://open.spotify.com/track/3W486X36Id1ChRaLhseMBj,warm; romantic; gentle; understated; emotionally observant,quietly feeling something without saying it too loudly,beautifully detached romantic,dream pop romantic,yes
through - Remastered,800 cherries,https://open.spotify.com/track/3YIcae7kfKRTJkvPMktAqJ,warm; romantic; gentle; understated; emotionally observant,quietly feeling something without saying it too loudly,beautifully detached romantic,dream pop romantic,yes
Set the Night to Music,Starship,https://open.spotify.com/track/3tf0iRfyJd4eYqs1Dn1w79,warm; romantic; gentle; understated; emotionally observant,quietly feeling something without saying it too loudly,beautifully detached romantic,dream pop romantic,yes
Dream On,Depeche Mode,https://open.spotify.com/track/3fIsVx19pqTGejb7cwlLQB,warm; romantic; gentle; understated; emotionally observant,quietly feeling something without saying it too loudly,beautifully detached romantic,dream pop romantic,yes
Slaying The Dreamer,Nightwish,https://open.spotify.com/track/7GD8Ei7EHY0lRxENsqxfUz,warm; romantic; gentle; understated; emotionally observant,quietly feeling something without saying it too loudly,beautifully detached romantic,dream pop romantic,yes
Dreamer,Laufey,https://open.spotify.com/track/59ufJBDa8L0dduJwcxXnZj,warm; romantic; gentle; understated; emotionally observant,quietly feeling something without saying it too loudly,beautifully detached romantic,dream pop romantic,yes
End of Time,High June,https://open.spotify.com/track/6HmytvT0d3avM8PT71IEhk,warm; romantic; gentle; understated; emotionally observant,quietly feeling something without saying it too loudly,beautifully detached romantic,dream pop romantic,yes
Seorang Ayah Rela Disodomi Waria Demi Membeli Susu Anak,Jason Ranti,https://open.spotify.com/track/0qaBVhQl8eN7ZDiIkWPQ4R,warm; romantic; gentle; understated; emotionally observant,quietly feeling something without saying it too loudly,beautifully detached romantic,dream pop romantic,yes
Not My Taste (feat. SAKURA),"BGM, SAKURA",https://open.spotify.com/track/5LY17xXecV7OqawPyuLrhv,warm; romantic; gentle; understated; emotionally observant,quietly feeling something without saying it too loudly,beautifully detached romantic,dream pop romantic,yes
Dreams Unfold,"Joyner Lucas, Lil Tjay",https://open.spotify.com/track/5ChX0Yt1wPpRJFPPecJZPh,warm; romantic; gentle; understated; emotionally observant,quietly feeling something without saying it too loudly,beautifully detached romantic,dream pop romantic,yes
Gentle,sign crushes motorist,https://open.spotify.com/track/76uOV7B1Pm2PabFU7OSuC3,warm; romantic; gentle; understated; emotionally observant,quietly feeling something without saying it too loudly,beautifully detached romantic,gentle indie,yes
anything,Adrianne Lenker,https://open.spotify.com/track/4PwWESSlTwzvw9B7bmtTLS,warm; romantic; gentle; understated; emotionally observant,quietly feeling something without saying it too loudly,beautifully detached romantic,gentle indie,yes
Gentleman Blue,Elysia Biro,https://open.spotify.com/track/5loW20chHOzvK5z4y9D96U,warm; romantic; gentle; understated; emotionally observant,quietly feeling something without saying it too loudly,beautifully detached romantic,gentle indie,yes
zombie girl,Adrianne Lenker,https://open.spotify.com/track/3v2OxIsGWJXWfLuRkB59Q6,warm; romantic; gentle; understated; emotionally observant,quietly feeling something without saying it too loudly,beautifully detached romantic,gentle indie,yes
Gentle Heart,Nabihah Iqbal,https://open.spotify.com/track/1OFjWqPsPZ2rJLrfPPcvka,warm; romantic; gentle; understated; emotionally observant,quietly feeling something without saying it too loudly,beautifully detached romantic,gentle indie,yes
my angel,Adrianne Lenker,https://open.spotify.com/track/0jpEKGcoyt7oNpgI9S9cbA,warm; romantic; gentle; understated; emotionally observant,quietly feeling something without saying it too loudly,beautifully detached romantic,gentle indie,yes
Gentle Love,Greg Mendez,https://open.spotify.com/track/5adzqxkfPcRr3lEmoZvxgN,warm; romantic; gentle; understated; emotionally observant,quietly feeling something without saying it too loudly,beautifully detached romantic,gentle indie,yes
Time,Angelo De Augustine,https://open.spotify.com/track/0FjTazWaBSHBVWm2PAGghQ,warm; romantic; gentle; understated; emotionally observant,quietly feeling something without saying it too loudly,beautifully detached romantic,gentle indie,yes
Gentleman,Towa Bird,https://open.spotify.com/track/5qGlVj7q8E5kJRznWOD12a,warm; romantic; gentle; understated; emotionally observant,quietly feeling something without saying it too loudly,beautifully detached romantic,gentle indie,yes
Rust.,Mon Rovîa,https://open.spotify.com/track/2y6vEKzRcA49gCJEv9DP8N,warm; romantic; gentle; understated; emotionally observant,quietly feeling something without saying it too loudly,beautifully detached romantic,gentle indie,yes
Keep Me Warm,Ron Pope,https://open.spotify.com/track/0rvYlwpRtYSmx4DbbbjGvY,warm; romantic; gentle; understated; emotionally observant,quietly feeling something without saying it too loudly,beautifully detached romantic,warm bedroom pop,yes
Slippery,"Migos, Gucci Mane",https://open.spotify.com/track/5oNf3OAHYDtorp8snu7wI8,warm; romantic; gentle; understated; emotionally observant,quietly feeling something without saying it too loudly,beautifully detached romantic,warm bedroom pop,yes
PILLOWTALK REMIX (feat. Lil Wayne),"ZAYN, Lil Wayne, Jaegen",https://open.spotify.com/track/7Kux9Q1ZYx1V1j3wre0aWk,warm; romantic; gentle; understated; emotionally observant,quietly feeling something without saying it too loudly,beautifully detached romantic,warm bedroom pop,yes
Things That Make It Warm,Cavetown,https://open.spotify.com/track/4tN2kX3tYCr1R4qCSS2LDV,warm; romantic; gentle; understated; emotionally observant,quietly feeling something without saying it too loudly,beautifully detached romantic,warm bedroom pop,yes
Mink Flow,"Future, Young Thug",https://open.spotify.com/track/1KF7iLK6wK3hjjtqxjRiym,warm; romantic; gentle; understated; emotionally observant,quietly feeling something without saying it too loudly,beautifully detached romantic,warm bedroom pop,yes
Things That Make It Warm,Cavetown,https://open.spotify.com/track/72g8JEkbyut7eAzILgBxDd,warm; romantic; gentle; understated; emotionally observant,quietly feeling something without saying it too loudly,beautifully detached romantic,warm bedroom pop,yes
Steady Mobbin,"Young Money, Gucci Mane",https://open.spotify.com/track/3cSuhzV7wKX5diQ8hos78P,warm; romantic; gentle; understated; emotionally observant,quietly feeling something without saying it too loudly,beautifully detached romantic,warm bedroom pop,yes
Slippery (feat. Gucci Mane),"Migos, Gucci Mane",https://open.spotify.com/track/7HDQGt9aA6SqjpAQsvT9vC,warm; romantic; gentle; understated; emotionally observant,quietly feeling something without saying it too loudly,beautifully detached romantic,warm bedroom pop,yes
warmth,ivri,https://open.spotify.com/track/3MjHGDmiYeclVNam1MvIoU,warm; romantic; gentle; understated; emotionally observant,quietly feeling something without saying it too loudly,beautifully detached romantic,warm bedroom pop,yes
Warmer,"Hans., hanbee",https://open.spotify.com/track/27n8scut9e5uU4uD5qFzDQ,warm; romantic; gentle; understated; emotionally observant,quietly feeling something without saying it too loudly,beautifully detached romantic,warm bedroom pop,yes
Romantic,Sugar Tape,https://open.spotify.com/track/0zgBmFuZBWvQJekT0yMXJ5,warm; romantic; gentle; understated; emotionally observant,quietly feeling something without saying it too loudly,beautifully detached romantic,lofi romantic,yes
Romantic Story,Lemeria,https://open.spotify.com/track/4nELnEGeY4WDuxgQ6sc1lv,warm; romantic; gentle; understated; emotionally observant,quietly feeling something without saying it too loudly,beautifully detached romantic,lofi romantic,yes
Romantic Moonlight,Kato,https://open.spotify.com/track/2dKl2VM8rUOARsUe36Ji9X,warm; romantic; gentle; understated; emotionally observant,quietly feeling something without saying it too loudly,beautifully detached romantic,lofi romantic,yes
Hopeless Romantic,Yusei,https://open.spotify.com/track/1XVml2ioz9HQbDONsbSaqi,warm; romantic; gentle; understated; emotionally observant,quietly feeling something without saying it too loudly,beautifully detached romantic,lofi romantic,yes
Romantic Rain,KLIM,https://open.spotify.com/track/0ONPyowm9YQFY7mtx45GaD,warm; romantic; gentle; understated; emotionally observant,quietly feeling something without saying it too loudly,beautifully detached romantic,lofi romantic,yes
Romance,"Lō-fÿkkø, soave lofi",https://open.spotify.com/track/2ThVbkZqKjHRjbyHjWkzys,warm; romantic; gentle; understated; emotionally observant,quietly feeling something without saying it too loudly,beautifully detached romantic,lofi romantic,yes
Romantic Comedy,moonboy,https://open.spotify.com/track/5NrryGQKAOco1I8tecM3aD,warm; romantic; gentle; understated; emotionally observant,quietly feeling something without saying it too loudly,beautifully detached romantic,lofi romantic,yes
Romantic Dinner,Cäsp.,https://open.spotify.com/track/0iin6dbeWXcsj5WyAz7j6I,warm; romantic; gentle; understated; emotionally observant,quietly feeling something without saying it too loudly,beautifully detached romantic,lofi romantic,yes
romantic,datfootdive,https://open.spotify.com/track/3EzizOS9LaIvEZQX0s39yI,warm; romantic; gentle; understated; emotionally observant,quietly feeling something without saying it too loudly,beautifully detached romantic,lofi romantic,yes
Lucky Number,Lene Lovich,https://open.spotify.com/track/0kqFlkmfvKzQ4QSmx5PZ1A,warm; romantic; gentle; understated; emotionally observant,quietly feeling something without saying it too loudly,beautifully detached romantic,lofi romantic,yes
The Burden,Weeping Willows,https://open.spotify.com/track/46LJxnfgq4QspkXlJGkiO1,brooding; rebellious; guitar-heavy; restless; cool-toned,walking into a scene with tension and swagger,brooding alt antihero,brooding alternative,yes
Kristi brud,Björnarna,https://open.spotify.com/track/0PUF3xHhqV2jyNRpDeamUt,brooding; rebellious; guitar-heavy; restless; cool-toned,walking into a scene with tension and swagger,brooding alt antihero,brooding alternative,yes
I'll Be Gone,Broder Daniel,https://open.spotify.com/track/4enMndzp7cJ3rDNsF1dAGC,brooding; rebellious; guitar-heavy; restless; cool-toned,walking into a scene with tension and swagger,brooding alt antihero,brooding alternative,yes
Army of Dreamers,Broder Daniel,https://open.spotify.com/track/0MbDcRSoWem5s6WGfXENqs,brooding; rebellious; guitar-heavy; restless; cool-toned,walking into a scene with tension and swagger,brooding alt antihero,brooding alternative,yes
Hardened Heart,Broder Daniel,https://open.spotify.com/track/2HDjXctPMpLO3vhZfKXr8u,brooding; rebellious; guitar-heavy; restless; cool-toned,walking into a scene with tension and swagger,brooding alt antihero,brooding alternative,yes
Wicked Game,HIM,https://open.spotify.com/track/5XenUjG7cRnTkUe8AVuuMX,brooding; rebellious; guitar-heavy; restless; cool-toned,walking into a scene with tension and swagger,brooding alt antihero,dark rock,yes
Dark Rock,"fatbunny, Alec Koff",https://open.spotify.com/track/3bApBvJlN63CQsuAyuHTee,brooding; rebellious; guitar-heavy; restless; cool-toned,walking into a scene with tension and swagger,brooding alt antihero,dark rock,yes
Dark Rock,"Johnny Beretta, Andreas Lonardoni",https://open.spotify.com/track/1wqTSM5IUfpRucwiBuEVvw,brooding; rebellious; guitar-heavy; restless; cool-toned,walking into a scene with tension and swagger,brooding alt antihero,dark rock,yes
Dark Rock,IVLIOR,https://open.spotify.com/track/7JSs4S5PkAmTh2BkeaGRJP,brooding; rebellious; guitar-heavy; restless; cool-toned,walking into a scene with tension and swagger,brooding alt antihero,dark rock,yes
DARK,WesGhost,https://open.spotify.com/track/1qlsoHIuuOsrm1qGENz4RM,brooding; rebellious; guitar-heavy; restless; cool-toned,walking into a scene with tension and swagger,brooding alt antihero,dark rock,yes
Dark Rock,Crew Who Rocks,https://open.spotify.com/track/6PMeVi4UzcE8narpyv3s3k,brooding; rebellious; guitar-heavy; restless; cool-toned,walking into a scene with tension and swagger,brooding alt antihero,dark rock,yes
Wings of a Butterfly,HIM,https://open.spotify.com/track/5WLjSDWo1VxEQzmsKpcBRe,brooding; rebellious; guitar-heavy; restless; cool-toned,walking into a scene with tension and swagger,brooding alt antihero,dark rock,yes
Dark Necessities,Red Hot Chili Peppers,https://open.spotify.com/track/2oaK4JLVnmRGIO9ytBE1bt,brooding; rebellious; guitar-heavy; restless; cool-toned,walking into a scene with tension and swagger,brooding alt antihero,dark rock,yes
Wicked Game,In Flames,https://open.spotify.com/track/6D1XQrWfO1t42Wzg7Hl658,brooding; rebellious; guitar-heavy; restless; cool-toned,walking into a scene with tension and swagger,brooding alt antihero,dark rock,yes
Wicked Game,"Chris Wicked, Malice In Wonderland",https://open.spotify.com/track/1vPSUNM7qemhIHZJXtJWYZ,brooding; rebellious; guitar-heavy; restless; cool-toned,walking into a scene with tension and swagger,brooding alt antihero,dark rock,yes
Bump My Music,Cuttaman 100gran,https://open.spotify.com/track/5U7XXLREA6K2moQEZG4xoy,brooding; rebellious; guitar-heavy; restless; cool-toned,walking into a scene with tension and swagger,brooding alt antihero,alt rock moody,yes
Gzz Box,Dthang,https://open.spotify.com/track/6sPdmsxrPX6OzaXdbUA7P8,brooding; rebellious; guitar-heavy; restless; cool-toned,walking into a scene with tension and swagger,brooding alt antihero,alt rock moody,yes
VV's Not CV's,KXNG EEZY,https://open.spotify.com/track/4ZHFAQG6K1qvDMXSeYe8Cg,brooding; rebellious; guitar-heavy; restless; cool-toned,walking into a scene with tension and swagger,brooding alt antihero,alt rock moody,yes
Hit Me Like That Snare (Jimi Charles Moody Version),"alt-J, Jimi Charles Moody, Ben Cullum, Fergus Brignall",https://open.spotify.com/track/7v9458Mb26Nhc4rcqXNC7T,brooding; rebellious; guitar-heavy; restless; cool-toned,walking into a scene with tension and swagger,brooding alt antihero,alt rock moody,yes
He Is Mine,"Arjan Dhillon, Mxrci",https://open.spotify.com/track/5rMBSOVlPuuPLfUWhL2sHZ,brooding; rebellious; guitar-heavy; restless; cool-toned,walking into a scene with tension and swagger,brooding alt antihero,alt rock moody,yes
Pack After Pack.,JST KAE,https://open.spotify.com/track/4xjNJESBjQLQOqZGWoU1dU,brooding; rebellious; guitar-heavy; restless; cool-toned,walking into a scene with tension and swagger,brooding alt antihero,alt rock moody,yes
Oryan,"Moody Moussavi, Aida Shahghasemi",https://open.spotify.com/track/5bJCs3Jrn0n7GZMNW5UjGN,brooding; rebellious; guitar-heavy; restless; cool-toned,walking into a scene with tension and swagger,brooding alt antihero,alt rock moody,yes
Question - Alternate Version,The Moody Blues,https://open.spotify.com/track/6NaDSsw0ZCSh9VX9zoip41,brooding; rebellious; guitar-heavy; restless; cool-toned,walking into a scene with tension and swagger,brooding alt antihero,alt rock moody,yes
Your Wildest Dreams,The Moody Blues,https://open.spotify.com/track/1I5PbTAcWMqV66XR8B2vzK,brooding; rebellious; guitar-heavy; restless; cool-toned,walking into a scene with tension and swagger,brooding alt antihero,alt rock moody,yes
Candle Of Life - Alternate Version,The Moody Blues,https://open.spotify.com/track/4nxdx6AfnWYfs95O3uVX2z,brooding; rebellious; guitar-heavy; restless; cool-toned,walking into a scene with tension and swagger,brooding alt antihero,alt rock moody,yes
REBELLIOUS BEHAVIOR - ←RE:recorded,a crowd of rebellion,https://open.spotify.com/track/6jBbZnXXzWqmJEQEewHcb7,brooding; rebellious; guitar-heavy; restless; cool-toned,walking into a scene with tension and swagger,brooding alt antihero,rebellious rock,yes
Rebeller,Raubtier,https://open.spotify.com/track/0aTJnBJWmE93Ft7X2LtG8j,brooding; rebellious; guitar-heavy; restless; cool-toned,walking into a scene with tension and swagger,brooding alt antihero,rebellious rock,yes
Rebellious (feat. Yuna),"Adventure Club, Yuna",https://open.spotify.com/track/16YuEfqTveacXrTX3ubMgc,brooding; rebellious; guitar-heavy; restless; cool-toned,walking into a scene with tension and swagger,brooding alt antihero,rebellious rock,yes
SLINGSHOT,Watt White,https://open.spotify.com/track/31CiNhyf5R6Sh88xyfDRrj,brooding; rebellious; guitar-heavy; restless; cool-toned,walking into a scene with tension and swagger,brooding alt antihero,rebellious rock,yes
Strevellna,Strevellna,https://open.spotify.com/track/4aKBb73vZA42J250gQ6FqS,brooding; rebellious; guitar-heavy; restless; cool-toned,walking into a scene with tension and swagger,brooding alt antihero,rebellious rock,yes
There´s a Rock,Brolle,https://open.spotify.com/track/527726P2TJy0dizkh0HX6Z,brooding; rebellious; guitar-heavy; restless; cool-toned,walking into a scene with tension and swagger,brooding alt antihero,rebellious rock,yes
Incredible,Oh The Larceny,https://open.spotify.com/track/5msiRUdlJdcRmW7oDd5PLv,brooding; rebellious; guitar-heavy; restless; cool-toned,walking into a scene with tension and swagger,brooding alt antihero,rebellious rock,yes
Gypsy Rider - Remastered,"Gene Clark, Carla Olson",https://open.spotify.com/track/1j0d8bF1QNCcmSMcUtZz55,brooding; rebellious; guitar-heavy; restless; cool-toned,walking into a scene with tension and swagger,brooding alt antihero,rebellious rock,yes
DREAMS DO,Watt White,https://open.spotify.com/track/56wuObgFv1Oh6WJYEL2Esl,brooding; rebellious; guitar-heavy; restless; cool-toned,walking into a scene with tension and swagger,brooding alt antihero,rebellious rock,yes
Fair And Tender Ladies - Remastered,"Gene Clark, Carla Olson",https://open.spotify.com/track/7f2qAiuNL9ZabFP8Lzl5ts,brooding; rebellious; guitar-heavy; restless; cool-toned,walking into a scene with tension and swagger,brooding alt antihero,rebellious rock,yes
Rooster (2022 Remaster),Alice In Chains,https://open.spotify.com/track/0wvIGFIgbyz4JNwQhZgTv2,brooding; rebellious; guitar-heavy; restless; cool-toned,walking into a scene with tension and swagger,brooding alt antihero,grunge mood,yes
Would? (2022 Remaster),Alice In Chains,https://open.spotify.com/track/5sFDReWLrZHLFZFjHsjUTS,brooding; rebellious; guitar-heavy; restless; cool-toned,walking into a scene with tension and swagger,brooding alt antihero,grunge mood,yes
Masochist Machine,Moodring,https://open.spotify.com/track/0kfFXXEyUQwACSdrY4kfLD,brooding; rebellious; guitar-heavy; restless; cool-toned,walking into a scene with tension and swagger,brooding alt antihero,grunge mood,yes
Mood Swings,Human People,https://open.spotify.com/track/6pCvNzVs1C7xS4FqYFea00,brooding; rebellious; guitar-heavy; restless; cool-toned,walking into a scene with tension and swagger,brooding alt antihero,grunge mood,yes
Disintegrate,Moodring,https://open.spotify.com/track/0ta5HDuI0erafeaAtS18MJ,brooding; rebellious; guitar-heavy; restless; cool-toned,walking into a scene with tension and swagger,brooding alt antihero,grunge mood,yes
Mood for Trouble,Soundgarden,https://open.spotify.com/track/3jQ5FQxLRJiLvv6UPj0KIH,brooding; rebellious; guitar-heavy; restless; cool-toned,walking into a scene with tension and swagger,brooding alt antihero,grunge mood,yes
Mood For Trouble - Live,Soundgarden,https://open.spotify.com/track/3hEry97cnywRm92suwdUA2,brooding; rebellious; guitar-heavy; restless; cool-toned,walking into a scene with tension and swagger,brooding alt antihero,grunge mood,yes
Conflicted Mood,Superheaven,https://open.spotify.com/track/7lbzNNI3kn7S4sNIGDcbqO,brooding; rebellious; guitar-heavy; restless; cool-toned,walking into a scene with tension and swagger,brooding alt antihero,grunge mood,yes
Moodswing,Glixen,https://open.spotify.com/track/2nAfDyLhTXnQMsnwcni8LN,brooding; rebellious; guitar-heavy; restless; cool-toned,walking into a scene with tension and swagger,brooding alt antihero,grunge mood,yes
Mood Rings,wakelee,https://open.spotify.com/track/6dBDpsGWFb5NU05hxqRkLm,brooding; rebellious; guitar-heavy; restless; cool-toned,walking into a scene with tension and swagger,brooding alt antihero,grunge mood,yes
Euphoric Ride,"CRIMSN, Hypermorph, YOIA",https://open.spotify.com/track/1dQodCTkv31QhxYCzbbG1t,euphoric; high-energy; motivational; explosive; transformational,"wanting to become a sharper, stronger version of yourself",euphoric transformation seeker,euphoric electronic,yes
Euphoric Night (feat. Lucie Hart) [Tiësto Remix],"Onlynumbers, Lucie Hart, Tiësto",https://open.spotify.com/track/5ZLMh6NE9EENfaBzdjSgY2,euphoric; high-energy; motivational; explosive; transformational,"wanting to become a sharper, stronger version of yourself",euphoric transformation seeker,euphoric electronic,yes
Don't Let Me Down - Hardwell & Sephyx Remix,"The Chainsmokers, Daya, Hardwell, Sephyx",https://open.spotify.com/track/1JI70l1lE5IF2tgJm5TnMD,euphoric; high-energy; motivational; explosive; transformational,"wanting to become a sharper, stronger version of yourself",euphoric transformation seeker,euphoric electronic,yes
Jägermeister,Da Tweekaz,https://open.spotify.com/track/2K20ZMOW554IjfXsURRslo,euphoric; high-energy; motivational; explosive; transformational,"wanting to become a sharper, stronger version of yourself",euphoric transformation seeker,euphoric electronic,yes
May it be,"B2A, Anklebreaker, Dypression, Julia Westlin",https://open.spotify.com/track/38ByBQNlZ3dPvXQ5oH1bRv,euphoric; high-energy; motivational; explosive; transformational,"wanting to become a sharper, stronger version of yourself",euphoric transformation seeker,euphoric electronic,yes
Shine A Light,"Hardwell, Wildstylez, KiFi",https://open.spotify.com/track/5K4InCkZlFv2SXvR20BXb2,euphoric; high-energy; motivational; explosive; transformational,"wanting to become a sharper, stronger version of yourself",euphoric transformation seeker,euphoric electronic,yes
Ride With Me (feat. Kid Ink) - Brennan Heart Remix,"Tungevaag, Kid Ink, Brennan Heart",https://open.spotify.com/track/74CkeJ0vYYTdQImnaLy759,euphoric; high-energy; motivational; explosive; transformational,"wanting to become a sharper, stronger version of yourself",euphoric transformation seeker,euphoric electronic,yes
Jägermeister,Da Tweekaz,https://open.spotify.com/track/19UGEZoMAqqaTEcEYNvsox,euphoric; high-energy; motivational; explosive; transformational,"wanting to become a sharper, stronger version of yourself",euphoric transformation seeker,euphoric electronic,yes
Knockout - Da Tweekaz Remix,"Tungevaag, Da Tweekaz",https://open.spotify.com/track/5LSCfqeq1u1GxKogSQFEZn,euphoric; high-energy; motivational; explosive; transformational,"wanting to become a sharper, stronger version of yourself",euphoric transformation seeker,euphoric electronic,yes
Because The Night,"Dimitri Vegas & Like Mike, Brennan Heart, Dimitri Vegas",https://open.spotify.com/track/3nDEjp2MvXJuqtUsv8GuyQ,euphoric; high-energy; motivational; explosive; transformational,"wanting to become a sharper, stronger version of yourself",euphoric transformation seeker,euphoric electronic,yes
Uplifting Dance Club Music,"House Music Party, Electronic Music, Pub Music",https://open.spotify.com/track/2zpodGmo99CYyZ2Gtr7k3h,euphoric; high-energy; motivational; explosive; transformational,"wanting to become a sharper, stronger version of yourself",euphoric transformation seeker,uplifting dance,yes
Uplifting Dance Vibes,Melodality,https://open.spotify.com/track/4pRhjxWBN1EypUQnxu103C,euphoric; high-energy; motivational; explosive; transformational,"wanting to become a sharper, stronger version of yourself",euphoric transformation seeker,uplifting dance,yes
Uplifting Steps,Florian Seraul,https://open.spotify.com/track/3gGZgb9cund9plajTkKHJh,euphoric; high-energy; motivational; explosive; transformational,"wanting to become a sharper, stronger version of yourself",euphoric transformation seeker,uplifting dance,yes
Count On Me (UpOnly 620) - Mix Cut,"Aly & Fila, Philippe El Sisi, Omar Sherif, Jaren",https://open.spotify.com/track/0TGeFVm15zN6WPq9CjjUPv,euphoric; high-energy; motivational; explosive; transformational,"wanting to become a sharper, stronger version of yourself",euphoric transformation seeker,uplifting dance,yes
Uplifting Robot,"Space Motion, Talón",https://open.spotify.com/track/0d09UTSraOnPYrkwEoqoVZ,euphoric; high-energy; motivational; explosive; transformational,"wanting to become a sharper, stronger version of yourself",euphoric transformation seeker,uplifting dance,yes
Swept Away - Uplifting Mix,"Matt Bukovski, Tiff Lacey",https://open.spotify.com/track/3QLk0NCVaZTHZ1XQfwJgCY,euphoric; high-energy; motivational; explosive; transformational,"wanting to become a sharper, stronger version of yourself",euphoric transformation seeker,uplifting dance,yes
Nebula (UpOnly 619) - Mix Cut,"Aly & Fila, Richard Durand",https://open.spotify.com/track/2xGvTY9bzewqimtLVx6ZpD,euphoric; high-energy; motivational; explosive; transformational,"wanting to become a sharper, stronger version of yourself",euphoric transformation seeker,uplifting dance,yes
Carry Me Home (UpOnly 620) - Craig Connelly Remix - Mix Cut,"Lost Witness, Laura-Ly, Craig Connelly",https://open.spotify.com/track/12iI4nGQbOg8yd2zlP3YGo,euphoric; high-energy; motivational; explosive; transformational,"wanting to become a sharper, stronger version of yourself",euphoric transformation seeker,uplifting dance,yes
Tears Of Steel (UpOnly 620) - Mix Cut,"XiJaro & Pitch, Clara Yates",https://open.spotify.com/track/5F3QIVeE8nSpbbNWIeI6Sz,euphoric; high-energy; motivational; explosive; transformational,"wanting to become a sharper, stronger version of yourself",euphoric transformation seeker,uplifting dance,yes
Better With You (UpOnly 620) - Mix Cut,"RAM, Susana, Tales Of Life, Paul Skelton",https://open.spotify.com/track/39Gl03Fd5z040VfPOMPKFe,euphoric; high-energy; motivational; explosive; transformational,"wanting to become a sharper, stronger version of yourself",euphoric transformation seeker,uplifting dance,yes
Tsunami - Instrumental Cardio Workout Mix,CrossFit Junkies,https://open.spotify.com/track/6vZWjlZoqfW0UIIt94cyKj,euphoric; high-energy; motivational; explosive; transformational,"wanting to become a sharper, stronger version of yourself",euphoric transformation seeker,workout electronic,yes
Workout,Andy C,https://open.spotify.com/track/5XH2T7g6s9b3tHFrxsWtcP,euphoric; high-energy; motivational; explosive; transformational,"wanting to become a sharper, stronger version of yourself",euphoric transformation seeker,workout electronic,yes
Workout,Rendez Vous,https://open.spotify.com/track/0b59YDhNMi8tIiSQWvCCe7,euphoric; high-energy; motivational; explosive; transformational,"wanting to become a sharper, stronger version of yourself",euphoric transformation seeker,workout electronic,yes
Titanium (feat. Sia),"David Guetta, Sia",https://open.spotify.com/track/004cm4dIZxfnXp5nBUv5TS,euphoric; high-energy; motivational; explosive; transformational,"wanting to become a sharper, stronger version of yourself",euphoric transformation seeker,workout electronic,yes
Heroes (we could be),"Alesso, Tove Lo",https://open.spotify.com/track/5WQ4v26hNbB8R6epWKmsrO,euphoric; high-energy; motivational; explosive; transformational,"wanting to become a sharper, stronger version of yourself",euphoric transformation seeker,workout electronic,yes
Workout,"DJ Craig Gorman, Alex Hosking",https://open.spotify.com/track/2a68xrYa3kxdyxKQkVuaJQ,euphoric; high-energy; motivational; explosive; transformational,"wanting to become a sharper, stronger version of yourself",euphoric transformation seeker,workout electronic,yes
Magic Workout,islandman,https://open.spotify.com/track/0TnHMErhQe43aDAVWEuS71,euphoric; high-energy; motivational; explosive; transformational,"wanting to become a sharper, stronger version of yourself",euphoric transformation seeker,workout electronic,yes
I Need Your Love (feat. Ellie Goulding),"Calvin Harris, Ellie Goulding",https://open.spotify.com/track/5C6goQ5zYkbJXkx59SQcVz,euphoric; high-energy; motivational; explosive; transformational,"wanting to become a sharper, stronger version of yourself",euphoric transformation seeker,workout electronic,yes
Don't Stop Believing,"Workout Nation, Beizik, Bradley McFly",https://open.spotify.com/track/6C69iSUAyLdLDWpv7b8nSn,euphoric; high-energy; motivational; explosive; transformational,"wanting to become a sharper, stronger version of yourself",euphoric transformation seeker,workout electronic,yes
Lights - Bassnectar Remix,"Ellie Goulding, Bassnectar",https://open.spotify.com/track/5P9exvsk9y6jtZQOTevxGa,euphoric; high-energy; motivational; explosive; transformational,"wanting to become a sharper, stronger version of yourself",euphoric transformation seeker,workout electronic,yes
The Return Of Darkness And Evil (Mystic Festival Anthem 2026),Behemoth,https://open.spotify.com/track/2AMroBuNM2UcOhAT05N8vH,euphoric; high-energy; motivational; explosive; transformational,"wanting to become a sharper, stronger version of yourself",euphoric transformation seeker,festival anthem,yes
UMF (Ultra Music Festival Anthem),Avicii,https://open.spotify.com/track/1OIap2AeiVhAavWyRKTSba,euphoric; high-energy; motivational; explosive; transformational,"wanting to become a sharper, stronger version of yourself",euphoric transformation seeker,festival anthem,yes
ID - Ultra Music Festival Anthem,Kygo,https://open.spotify.com/track/4SBqydJCEhcroni09XgT2c,euphoric; high-energy; motivational; explosive; transformational,"wanting to become a sharper, stronger version of yourself",euphoric transformation seeker,festival anthem,yes
Wild & Free (Official Free Festival 2019 Freestyle Anthem) - Radio Edit,The Viper,https://open.spotify.com/track/0iLCO8ag4wN8cKVbRHPdDk,euphoric; high-energy; motivational; explosive; transformational,"wanting to become a sharper, stronger version of yourself",euphoric transformation seeker,festival anthem,yes
Fest i Holma,Pipex,https://open.spotify.com/track/6xngCKQTKHOiSHLXuOcuOq,euphoric; high-energy; motivational; explosive; transformational,"wanting to become a sharper, stronger version of yourself",euphoric transformation seeker,festival anthem,yes
No One Knows,Queens of the Stone Age,https://open.spotify.com/track/79Qz2xNMjm0IktJAARpQoR,euphoric; high-energy; motivational; explosive; transformational,"wanting to become a sharper, stronger version of yourself",euphoric transformation seeker,festival anthem,yes
ENERGY,UNCHILD,https://open.spotify.com/track/3K6yAlZxPch65Xz69S2C8N,euphoric; high-energy; motivational; explosive; transformational,"wanting to become a sharper, stronger version of yourself",euphoric transformation seeker,high energy pop,yes
High Energy,Evelyn Thomas,https://open.spotify.com/track/2O3JCRH7IvUUbzbxEvoVAi,euphoric; high-energy; motivational; explosive; transformational,"wanting to become a sharper, stronger version of yourself",euphoric transformation seeker,high energy pop,yes
I'm Poppy,Poppy,https://open.spotify.com/track/0Im84bX7LT7FLt8reDr9ck,euphoric; high-energy; motivational; explosive; transformational,"wanting to become a sharper, stronger version of yourself",euphoric transformation seeker,high energy pop,yes
Best Friend (feat. Doja Cat),"Saweetie, Doja Cat",https://open.spotify.com/track/2etHQJxIbV0soyPhelVs9Y,euphoric; high-energy; motivational; explosive; transformational,"wanting to become a sharper, stronger version of yourself",euphoric transformation seeker,high energy pop,yes
High Energy - Almighty Definitive Radio Edit,Evelyn Thomas,https://open.spotify.com/track/4ZnFFgAMVR1JnNCv3GhxQb,euphoric; high-energy; motivational; explosive; transformational,"wanting to become a sharper, stronger version of yourself",euphoric transformation seeker,high energy pop,yes
Best Friend (feat. Doja Cat),"Saweetie, Doja Cat",https://open.spotify.com/track/20BOju91NaEFK5Py4VJ2pp,euphoric; high-energy; motivational; explosive; transformational,"wanting to become a sharper, stronger version of yourself",euphoric transformation seeker,high energy pop,yes
Mirage (Aka La Luna aka Stasera La Luna) - Extended Version,Scotch,https://open.spotify.com/track/1AfEIlMZHTtY2W0ATkYZct,euphoric; high-energy; motivational; explosive; transformational,"wanting to become a sharper, stronger version of yourself",euphoric transformation seeker,high energy pop,yes
edamame,"bbno$, Rich Brian",https://open.spotify.com/track/5iYaUYtCRJ0tyikX9vlh5I,euphoric; high-energy; motivational; explosive; transformational,"wanting to become a sharper, stronger version of yourself",euphoric transformation seeker,high energy pop,yes
Trappa Rappa,Quavo,https://open.spotify.com/track/1YmfBSzdcuxODy862CIne6,euphoric; high-energy; motivational; explosive; transformational,"wanting to become a sharper, stronger version of yourself",euphoric transformation seeker,high energy pop,yes
